AGE;MATI;JML_DEPLESI;STD_CUM_DEPLESI_%;DELTA_PAKAN_ZAK;DELTA_PAKAN_CUM_GR/EKOK;DG_ACT;DELTA_ABW;DELTA_DG;FCR_STD;FCR_ACT;DELTA_FCR;IP_STD;JUMLAH_AYAM_AKHIR;PERIODE;FCR_ACT_lag_14;DG_ACT_lag_1;DG_ACT_lag_2;DG_ACT_lag_3;MATI_lag_1;MATI_lag_2;MATI_lag_3;MATI_lag_7;MATI_lag_14;JML_DEPLESI_lag_14;DELTA_PAKAN_GR/EKOR_lag_1;DELTA_PAKAN_GR/EKOR_lag_2;DELTA_PAKAN_GR/EKOR_lag_3;DELTA_PAKAN_GR/EKOR_lag_7;DELTA_PAKAN_GR/EKOR_lag_14;DELTA_DG_lag_1;DELTA_DG_lag_2;DELTA_DG_lag_3;DELTA_DG_lag_7;DELTA_DG_lag_14;PAKAN_ACT_GR/EK_rolling_std_3;PAKAN_ACT_GR/EK_rolling_std_7;PAKAN_ACT_GR/EK_rolling_std_14;DG_ACT_rolling_std_3;DG_ACT_rolling_std_7;DG_ACT_rolling_std_14;DG_ACT_rolling_min_14;SUHU_MAX_rolling_std_3;SUHU_MAX_rolling_std_7;SUHU_MAX_rolling_std_14;MATI_rolling_mean_3;MATI_rolling_std_3;MATI_rolling_min_3;MATI_rolling_max_3;MATI_rolling_mean_7;MATI_rolling_std_7;MATI_rolling_min_7;MATI_rolling_max_7;MATI_rolling_mean_14;MATI_rolling_std_14;MATI_rolling_min_14;MATI_rolling_max_14;JML_DEPLESI_rolling_std_3;JML_DEPLESI_rolling_std_7;JML_DEPLESI_rolling_std_14;DELTA_PAKAN_GR/EKOR_rolling_std_3;DELTA_PAKAN_GR/EKOR_rolling_max_3;DELTA_PAKAN_GR/EKOR_rolling_mean_7;DELTA_PAKAN_GR/EKOR_rolling_std_7;DELTA_PAKAN_GR/EKOR_rolling_max_7;DELTA_PAKAN_GR/EKOR_rolling_mean_14;DELTA_PAKAN_GR/EKOR_rolling_std_14;DELTA_PAKAN_GR/EKOR_rolling_max_14;DELTA_DG_rolling_mean_3;DELTA_DG_rolling_min_3;DELTA_DG_rolling_max_3;DELTA_DG_rolling_mean_7;DELTA_DG_rolling_std_7;DELTA_DG_rolling_min_7;DELTA_DG_rolling_max_7;DELTA_DG_rolling_mean_14;DELTA_DG_rolling_min_14;PAKAN_DG_RATIO;PAKAN_ACT_GR/EK_momentum_1;PAKAN_ACT_GR/EK_acceleration;PAKAN_ACT_GR/EK_volatility_3;PAKAN_ACT_GR/EK_trend_slope_3;DG_ACT_momentum_1;DG_ACT_acceleration;DG_ACT_volatility_3;DG_ACT_trend_slope_3;SUHU_MAX_momentum_1;SUHU_MAX_acceleration;SUHU_MAX_volatility_3;MATI_momentum_1;MATI_acceleration;MATI_volatility_3;MATI_trend_slope_3;JML_DEPLESI_acceleration;JML_DEPLESI_volatility_3;DELTA_PAKAN_GR/EKOR_momentum_1;DELTA_PAKAN_GR/EKOR_acceleration;DELTA_PAKAN_GR/EKOR_volatility_3;DELTA_PAKAN_GR/EKOR_trend_slope_3;FEED_EFFICIENCY_lag_1
1;16;16;0.1;3.5;10;22;9;8;0.321;0.428;0.107;0;17984;1;0.428;22;22;22;16;16;16;16;16;16;10;10;10;10;10;8;8;8;8;8;4.243;4.243;4.243;2.121;2.121;2.121;22;0;0;0;16;0.707;16;16;16;0.707;16;16;16;0.707;16;16;10.607;10.607;10.607;7.071;10;10;7.071;10;10;7.071;10;8;8;8;8;4.243;8;8;8;8;1.273;-6;17;12.021;2.5;-3;5;3.536;-0.5;0;0;0;-1;-8;5.657;-5;-9;6.364;-10;17;12.021;-1.5;2.336
2;15;31;0.23;0.1;10;19;11;2;0.549;0.593;0.044;0;17969;1;0.428;22;22;22;16;16;16;16;16;16;10;10;10;10;10;8;8;8;8;8;4.243;4.243;4.243;2.121;2.121;2.121;19;0;0;0;15.5;0.707;15;16;15.5;0.707;15;16;15.5;0.707;15;16;10.607;10.607;10.607;7.071;10;5;7.071;10;5;7.071;10;5;2;8;5;4.243;2;8;5;2;1.158;-6;17;12.021;2.5;-3;5;3.536;-0.5;0;0;0;-1;-8;5.657;-5;-9;6.364;-10;17;12.021;-1.5;2.336
3;6;37;0.36;2.6;17;21;11;1;0.711;0.794;0.083;0;17963;1;0.428;19;22;22;15;16;16;16;16;16;0;10;10;10;10;2;8;8;8;8;5.508;5.508;5.508;1.528;1.528;1.528;19;0;0;0;12.333;5.508;6;16;12.333;5.508;6;16;12.333;5.508;6;16;10.817;10.817;10.817;5.132;10;5.667;5.132;10;5.667;5.132;10;3.667;1;8;3.667;3.786;1;8;3.667;1;1.571;11;17;12.021;2.5;2;5;3.536;-0.5;0;0;0;-9;-8;5.657;-5;-9;6.364;7;17;12.021;-1.5;1.686
4;16;53;0.49;3.2;26;30;18;6;0.826;0.909;0.083;0;17947;1;0.428;21;19;22;6;15;16;16;16;16;7;0;10;10;10;1;2;8;8;8;8.622;7.234;7.234;5.859;4.83;4.83;19;0;0;0;12.333;5.508;6;16;13.25;4.856;6;16;13.25;4.856;6;16;11.372;15.305;15.305;4.726;9;6.5;4.509;10;6.5;4.509;10;3;1;6;4.25;3.304;1;8;4.25;1;1.3;6;-5;8.737;8.5;9;7;6.028;5.5;0;0;0;10;19;9.539;0.5;10;5.508;2;-5;8.737;4.5;1.259
5;10;63;0.62;-0.2;25;40;31;13;0.914;0.891;-0.023;0;17937;1;0.428;30;21;19;16;6;15;16;16;16;9;7;0;10;10;6;1;2;8;8;3.464;6.364;6.364;9.504;8.678;8.678;19;0;0;0;10.667;5.033;6;16;12.6;4.45;6;16;12.6;4.45;6;16;13.115;18.466;18.466;5.292;9;5;5.148;10;5;5.148;10;6.667;1;13;6;4.848;1;13;6;1;0.825;-6;-12;8.737;0;10;1;4.359;9.5;0;0;0;-6;-16;10.214;2;-6;5.033;-10;-12;8.737;-4;1.1
6;10;73;0.75;0.3;24;28;28;-3;0.979;0.963;-0.016;0;17927;1;0.428;40;30;21;10;16;6;16;16;16;-1;9;7;10;10;13;6;1;8;8;3.464;6.563;6.563;6.429;7.789;7.789;19;0;0;0;12;3.464;10;16;12.167;4.119;6;16;12.167;4.119;6;16;10;21.314;21.314;5.292;9;4.333;4.885;10;4.333;4.885;10;5.333;-3;13;4.5;5.683;-3;13;4.5;-3;1.393;6;12;6.928;0;-12;-22;12.423;-1;0;0;0;0;6;8.083;-3;0;3.464;2;12;6.928;-4;1.122
7;7;80;0.68;0.5;29;25;22;-8;1.029;1.052;0.023;270;17920;1;0.428;28;40;30;10;10;16;16;16;16;1;-1;9;10;10;-3;13;6;8;8;5.508;7.439;7.439;7.937;7.138;7.138;19;0;0;0;9;1.732;7;10;11.429;4.237;6;16;11.429;4.237;6;16;8.544;23.423;23.423;1.155;1;3.857;4.634;10;3.857;4.634;10;0.667;-8;13;2.714;7.017;-8;13;2.714;-8;1.76;5;-1;6.658;5.5;-3;9;11.06;-7.5;0;0;0;-3;-3;3;-1.5;-3;1.732;0;-2;6.429;1;1.038
8;8;88;1.01;-0.2;23;33;16;-4;1.068;1.09;0.022;268;17912;1;0.428;25;28;40;7;10;10;16;16;16;1;1;-1;10;10;-8;-3;13;8;8;2.887;7.74;7.741;4.041;7.211;7.005;19;1.155;0.756;0.707;8.333;1.528;7;10;10.286;3.861;6;16;11;4.106;6;16;7.506;21.515;25.43;1.155;1;2.286;4.03;9;3.25;4.621;10;-5;-8;-3;1;6.976;-8;13;1.875;-8;1.333;0;-5;3.215;2.5;8;11;10.017;2.5;-2;-2;1.155;1;4;2.082;-1;1;1.528;-2;-2;2;-1;0.951
9;10;98;1.14;-0.1;24;46;21;5;1.099;1.098;-0.001;274;17902;1;0.428;33;25;28;8;7;10;15;16;16;-1;1;1;0;10;-4;-8;-3;2;8;5.196;7.041;9.351;10.599;8.668;9.055;19;1.155;0.976;0.882;8.333;1.528;7;10;9.571;3.259;6;16;10.889;3.855;6;16;9.018;20.99;27.751;1;1;2.286;4.03;9;2.889;4.457;10;-2.333;-8;5;1.429;7.138;-8;13;2.222;-8;1.152;9;9;4.509;4.5;13;5;8.185;10.5;0;2;1.155;2;1;2.646;1.5;2;1.528;1;3;1.528;-0.5;0.917
10;6;104;1.27;-0.2;20;34;10;-11;1.129;1.152;0.023;281;17896;1;0.428;46;33;25;10;8;7;6;16;16;0;-1;1;7;10;5;-4;-8;1;8;6.245;8.124;10.63;7.234;7.228;8.664;19;0;1.069;0.966;8;2;6;10;9.571;3.259;6;16;10.4;3.95;6;16;8.083;18.398;29.65;0.577;0;1.286;3.498;9;2.6;4.3;10;-3.333;-11;5;-0.286;8.558;-11;13;0.9;-11;1.647;3;-6;4.583;6;-12;-25;13.229;0.5;0;0;1.155;-4;-6;3.215;-1;-4;2;0;-1;1.528;0.5;0.911
11;7;111;1.4;-1.7;15;56;16;7;1.149;1.138;-0.011;289;17889;1;0.428;34;46;33;6;10;8;16;16;16;0;0;-1;9;10;-11;5;-4;6;8;2.517;9.268;11.583;11.015;10.799;11.4;19;0;1.069;1.009;7.667;2.082;6;10;8.286;1.704;6;10;10.091;3.885;6;16;6.506;17.315;31.456;2.887;0;-0.714;2.059;1;1.909;4.679;10;0.333;-11;7;-0.143;8.688;-11;13;1.455;-11;1.036;2;-1;3.786;2.5;22;34;17.616;5;0;0;0;1;5;3.215;-1.5;1;2.082;-5;-5;3.215;-2.5;0.868
12;9;120;1.53;-0.5;11;51;12;-4;1.169;1.158;-0.011;297;17880;1;0.428;56;34;46;7;6;10;10;16;16;-5;0;0;-1;10;7;-11;5;13;8;5.859;9.778;13.382;11.533;11.972;12.152;19;0;0.976;1.03;7.333;1.528;6;9;8.143;1.574;6;10;10;3.717;6;16;8.021;16.919;33.469;2.646;0;-0.714;2.059;1;1.667;4.539;10;-2.667;-11;7;-2.571;6.503;-11;7;1;-11;1.314;9;7;3.786;5.5;-5;-27;17.954;8.5;0;0;0;2;1;3.215;1.5;2;1.528;4;9;4.509;-0.5;0.879
13;6;126;1.68;-0.3;5;54;8;-2;1.186;1.178;-0.008;305;17874;1;0.428;51;56;34;9;7;6;10;16;16;-1;-5;0;1;10;-4;7;-11;-3;8;7.095;10.626;15.128;2.517;12.024;12.919;19;0;0.756;1.038;7.333;1.528;6;9;7.571;1.512;6;10;9.692;3.728;6;16;7.55;16.618;35.274;2.309;-1;-1;1.915;1;1.462;4.409;10;0.333;-4;7;-2.429;6.503;-11;7;0.769;-11;1.333;5;-4;3.512;7;3;8;13.868;-1;0;0;0;-3;-5;2.646;-0.5;-3;1.528;0;-4;4.509;2;0.864
14;5;131;1.79;-0.1;-1;69;16;8;1.208;1.172;-0.036;313;17869;1;0.428;54;51;56;6;9;7;7;16;16;-1;-1;-5;1;10;-2;-4;7;-8;8;5.508;11.782;16.969;9.644;12.702;15.334;19;0;0;1.038;6.667;2.082;5;9;7.286;1.799;5;10;9.357;3.795;5;16;5.508;15.561;36.843;0.577;0;-1.143;1.773;0;1.357;4.254;10;0.667;-4;8;-0.143;7.01;-11;8;1.286;-11;1.13;6;1;2.082;5.5;15;12;10.066;9;0;0;0;-1;2;2.517;-2;-1;2.082;1;1;2.082;0.5;0.849
15;4;135;1.92;0.8;1;63;14;-2;1.219;1.191;-0.028;320;17865;1;0.428;69;54;51;5;6;9;8;16;16;0;-1;-1;-1;10;8;-2;-4;-4;8;7.024;12.28;18.804;7.55;11.398;16.003;19;1.155;0.756;1.267;5;1;4;6;6.714;2.138;4;10;8.5;3.525;4;16;4.509;13.969;34.392;1.528;2;-0.714;2.138;2;0.786;3.468;9;1.333;-2;8;0.143;6.866;-11;8;0.571;-11;1.365;8;2;1.528;7;-6;-21;10.536;4.5;-2;-2;1.155;-1;0;1.155;-1;-1;1;2;1;1;1.5;0.853
16;7;142;2.06;-0.4;1;70;17;2;1.229;1.199;-0.03;327;17858;1;0.593;63;69;54;4;5;6;10;15;31;2;0;-1;0;0;-2;8;-2;5;2;5.686;12.893;19.182;3.786;12.406;16.494;21;1.155;0.976;1.399;5.333;1.528;4;7;6.286;1.604;4;9;7.929;2.999;4;16;5.568;13.434;32.674;1.528;2;-0.857;2.116;2;0.714;3.496;9;2.667;-2;8;-0.286;6.601;-11;8;0.571;-11;1.271;3;-5;2.517;5.5;7;13;10.599;0.5;0;2;1.155;3;4;2.309;1;3;1.528;-3;-5;2.646;-0.5;0.84
17;7;149;2.18;1.4;6;71;17;0;1.239;1.218;-0.021;334;17851;1;0.794;70;63;69;7;4;5;6;6;37;-1;2;0;0;7;2;-2;8;-11;1;7.371;14.281;21.128;4.359;8.327;16.478;25;0;1.069;1.46;6;1.732;4;7;6.429;1.618;4;9;8;2.961;4;16;7;12.947;30.431;2.517;4;-0.286;2.812;4;0.5;3.156;9;0;-2;2;1.286;4.645;-4;8;0.5;-11;1.408;11;8;4.041;7;1;-6;6.506;4;0;0;1.155;0;-3;2.082;1.5;0;1.732;5;8;4.041;1;0.834
18;15;164;2.31;-0.7;6;92;35;18;1.249;1.204;-0.045;343;17836;1;0.909;71;70;63;7;7;4;7;16;53;4;-1;2;-5;9;0;2;-2;7;6;6.351;12.96;22.428;12.423;13.508;19.384;25;0;1.069;1.46;9.667;4.619;7;15;7.571;3.645;4;15;7.929;2.759;4;15;11.24;14.938;30.24;3.215;4;0.143;2.116;4;-0.286;2.054;4;6.667;0;18;2.857;7.734;-4;18;1.357;-11;1.087;0;-11;5.686;5.5;21;20;10.263;11;0;0;0;8;8;4.041;4;8;4.619;-6;-11;5.686;-0.5;0.821
19;5;169;2.44;0.8;8;74;31;-3;1.259;1.225;-0.034;378;17831;1;0.891;92;71;70;15;7;7;9;10;63;-2;4;-1;-1;-1;18;0;2;-4;13;4.619;12.96;22.982;11.358;11.588;19.851;25;0;0.976;1.399;9;5.292;5;15;7;3.697;4;15;7.571;2.793;4;15;10.408;16.426;29.988;3.055;4;0.571;2.149;4;-0.071;2.129;4;5;-3;18;3;7.594;-3;18;0.214;-11;1.459;8;8;5.686;4;-18;-39;19.502;1.5;0;0;0;-10;-18;9.018;-1;-10;5.292;4;10;6.083;-1;0.831