TANGGAL;AGE;MATI;AFKIR;JML_DEPLESI;CUM_DEPLESI_%;STD_CUM_DEPLESI_%;PAKAN_STD_ZAK;PAKAN_STD_GR/EK;PAKAN_STD_CUM_GR/EK;PAKAN_ACT_ZAK;PAKAN_ACT_CUM_ZAK;PAKAN_ACT_GR/EK;PAKAN_CUM_GR/EK;DELTA_PAKAN_ZAK;DELTA_PAKAN_GR/EKOR;DELTA_PAKAN_CUM_GR/EKOK;ABW_STD;DG_STD;ABW_ACT;DG_ACT;DELTA_ABW;DELTA_DG;FCR_STD;FCR_ACT;DELTA_FCR;IP_STD;IP_ACT;SUHU_MIN;SUHU_MAX;KELEMBABAN;JUMLAH_AYAM_AKHIR;JUMLAH_AYAM_AWAL;PERIODE
19/05/23;1;16;0;16;0.09;0.1;6.5;18;18;10;10;28.0;28.0;3.5;10;10;56;14;65.0;22;9;8;0.321;0.428;0.107;0;0;30;32;65;17984;18000;1
20/05/23;2;15;0;31;0.17;0.23;7.9;22;40;8;18;22.0;50.0;0.1;0;10;73;17;84.0;19;11;2;0.549;0.593;0.044;0;0;30;32;65;17969;18000;1
21/05/23;3;6;0;37;0.21;0.36;9.4;26;66;12;30;33.0;83.0;2.6;7;17;94;20;105.0;21;11;1;0.711;0.794;0.083;0;0;30;32;65;17963;18000;1
22/05/23;4;16;0;53;0.29;0.49;10.8;30;96;14;44;39.0;122.0;3.2;9;26;117;24;135.0;30;18;6;0.826;0.909;0.083;0;0;30;32;65;17947;18000;1
23/05/23;5;10;0;63;0.35;0.62;12.2;34;131;12;56;33.0;156.0;-0.2;-1;25;144;27;175.0;40;31;13;0.914;0.891;-0.023;0;0;30;32;65;17937;18000;1
24/05/23;6;10;0;73;0.41;0.75;13.7;38;170;14;70;39.0;194.0;0.3;1;24;174;30;202.0;28;28;-3;0.979;0.963;-0.016;0;0;30;32;65;17927;18000;1
25/05/23;7;7;0;80;0.44;0.68;15.5;43;210;16;86;44.0;239.0;0.5;1;29;205;33;227.0;25;22;-8;1.029;1.052;0.023;270;305;30;32;65;17920;18000;1
26/05/23;8;8;0;88;0.49;1.01;16.2;45;260;16;102;44.0;283.0;-0.2;-1;23;244;37;260.0;33;16;-4;1.068;1.09;0.022;268;295;28;30;60;17912;18000;1
27/05/23;9;10;0;98;0.54;1.14;19.1;53;312;19;121;53.0;336.0;-0.1;0;24;285;41;306.0;46;21;5;1.099;1.098;-0.001;274;306;28;30;60;17902;18000;1
28/05/23;10;6;0;104;0.58;1.27;20.2;56;372;20;141;56.0;392.0;-0.2;0;20;330;45;340.0;34;10;-11;1.129;1.152;0.023;281;292;28;30;60;17896;18000;1
29/05/23;11;7;0;111;0.62;1.4;22.7;63;435;21;162;58.0;450.0;-1.7;-5;15;380;49;396.0;56;16;7;1.149;1.138;-0.011;289;312;28;30;60;17889;18000;1
30/05/23;12;9;0;120;0.67;1.53;24.5;68;506;24;186;67.0;517.0;-0.5;-1;11;434;54;446.0;51;12;-4;1.169;1.158;-0.011;297;317;28;30;60;17880;18000;1
31/05/23;13;6;0;126;0.7;1.68;26.3;73;584;26;212;72.0;589.0;-0.3;-1;5;492;56;500.0;54;8;-2;1.186;1.178;-0.008;305;322;28;30;60;17874;18000;1
01/06/23;14;5;0;131;0.73;1.79;28.1;78;668;28;240;78.0;667.0;-0.1;0;-1;553;61;569.0;69;16;8;1.208;1.172;-0.036;313;342;28;30;60;17869;18000;1
02/06/23;15;4;0;135;0.75;1.92;30.2;84;752;31;271;86.0;753.0;0.8;2;1;618;65;632.0;63;14;-2;1.219;1.191;-0.028;320;348;26;28;55;17865;18000;1
03/06/23;16;7;0;142;0.79;2.06;32.4;90;841;32;303;89.0;842.0;-0.4;-1;1;685;68;702.0;70;17;2;1.229;1.199;-0.03;327;360;26;28;55;17858;18000;1
04/06/23;17;7;0;149;0.83;2.18;34.6;96;936;36;339;100.0;942.0;1.4;4;6;756;71;773.0;71;17;0;1.239;1.218;-0.021;334;367;26;28;55;17851;18000;1
05/06/23;18;15;0;164;0.91;2.31;36.7;102;1036;36;375;100.0;1042.0;-0.7;-2;6;830;74;865.0;92;35;18;1.249;1.204;-0.045;343;392;26;28;55;17836;18000;1
06/06/23;19;5;0;169;0.94;2.44;38.2;106;1142;39;414;108.0;1150.0;0.8;2;8;908;77;939.0;74;31;-3;1.259;1.225;-0.034;378;396;26;28;55;17831;18000;1
07/06/23;20;8;0;177;0.98;2.57;41.0;114;1256;41;455;114.0;1264.0;0.0;0;8;967;80;1025.0;86;58;6;1.272;1.233;-0.039;383;407;26;28;55;17823;18000;1
08/06/23;21;5;0;182;1.01;2.7;43.2;120;1382;43;498;119.0;1383.0;-0.2;-1;1;1069;82;1106.0;81;37;-1;1.294;1.251;-0.043;387;413;26;28;55;17818;18000;1
09/06/23;22;9;0;191;1.06;2.83;45.4;126;1517;46;544;128.0;1511.0;0.6;2;-6;1153;84;1222.0;116;69;32;1.137;1.237;0.1;391;440;24;26;50;17809;18000;1
10/06/23;23;12;0;203;1.13;2.96;47.5;132;1656;49;593;136.0;1647.0;1.5;4;-9;1239;86;1328.0;106;89;20;1.337;1.24;-0.097;394;455;24;26;50;17797;18000;1
11/06/23;24;8;0;211;1.17;3.09;49.7;138;1803;50;643;139.0;1786.0;0.3;1;-17;1327;88;1419.0;91;92;3;1.36;1.259;-0.101;397;459;24;26;50;17789;18000;1
12/06/23;25;4;0;215;1.19;3.22;51.8;144;1958;52;695;144.0;1931.0;0.2;0;-27;1418;90;1512.0;93;94;3;1.382;1.277;-0.105;400;462;24;26;50;17785;18000;1
13/06/23;26;6;0;221;1.23;3.35;54.0;150;2120;54;749;150.0;2081.0;0.0;0;-39;1510;92;1594.0;82;84;-10;1.405;1.305;-0.1;402;458;24;26;50;17779;18000;1
14/06/23;27;11;0;232;1.29;3.4;56.2;156;2285;56;805;156.0;2236.0;-0.2;0;-49;1604;94;1719.0;125;115;31;1.426;1.301;-0.125;404;477;24;26;50;17768;18000;1
15/06/23;28;8;0;240;1.33;3.61;58.3;162;2455;57;862;158.0;2394.0;-1.3;-4;-61;1698;95;1778.0;59;80;-36;1.446;1.347;-0.099;405;459;24;26;50;17760;18000;1
16/06/23;29;8;0;248;1.38;3.74;60.5;168;2635;59;921;164.0;2558.0;-1.5;-4;-77;1794;96;1836.0;58;42;-38;1.47;1.393;-0.077;406;442;24;26;50;17752;18000;1
17/06/23;30;10;0;258;1.43;3.87;62.3;173;2818;61;982;169.0;2728.0;-1.3;-4;-90;1891;97;1919.0;83;28;-14;1.491;1.421;-0.07;407;437;24;26;50;17742;18000;1
18/06/23;31;8;0;266;1.48;4.0;64.1;178;3004;63;1045;175.0;2903.0;-1.1;-3;-101;1989;98;2031.0;112;42;14;1.511;1.429;-0.082;408;445;24;26;50;17734;18000;1
19/06/23;32;8;0;274;1.52;4.13;65.9;183;3201;64;1109;178.0;3081.0;-1.9;-5;-120;2087;99;2167.0;136;80;37;1.534;1.422;-0.112;408;453;24;26;50;17726;18000;1
20/06/23;33;5;0;279;1.55;4.26;67.7;188;3403;65;1174;181.0;3261.0;-2.7;-7;-142;2187;100;2210.0;43;23;-57;1.556;1.476;-0.08;408;480;24;26;50;17721;18000;1
21/06/23;34;15;0;294;1.63;4.39;69.5;193;3601;67;1241;186.0;3447.0;-2.5;-7;-154;2289;101;2379.0;169;90;68;1.578;1.449;-0.129;407;488;24;26;50;17706;18000;1
22/06/23;35;10;0;304;1.69;4.52;71.3;198;3821;69;1310;192.0;3639.0;-2.3;-6;-182;2390;101;2465.0;86;75;-15;1.6;1.476;-0.124;406;477;24;26;50;17696;18000;1
12/07/23;1;16;0;16;0.09;0.1;6.0;18;18;9;9;25.4;25.0;3.0;7;7;56;14;69.0;22;13;8;0.321;0.369;0.048;0;0;30;32;65;17684;17700;2
13/07/23;2;17;0;33;0.19;0.23;8.0;22;40;8;17;22.6;48.0;0.0;1;8;73;17;83.0;14;10;-3;0.549;0.579;0.03;0;0;30;32;65;17667;17700;2
14/07/23;3;11;0;44;0.25;0.36;9.0;26;66;9;26;25.5;74.0;0.0;-1;8;94;20;98.5;16;5;-5;0.711;0.747;0.036;0;0;30;32;65;17656;17700;2
15/07/23;4;7;0;51;0.29;0.49;11.0;30;96;10;36;28.3;102.0;-1.0;-2;6;117;24;120.0;22;3;-3;0.826;0.849;0.023;0;0;30;32;65;17649;17700;2
16/07/23;5;8;0;59;0.33;0.62;12.0;34;131;12;48;34.0;136.0;0.0;0;5;144;27;144.0;24;0;-3;0.914;0.944;0.03;0;0;30;32;65;17641;17700;2
17/07/23;6;9;0;68;0.38;0.75;13.0;38;170;14;62;39.7;176.0;1.0;2;6;174;30;170.0;26;-4;-4;0.979;1.033;0.054;0;0;30;32;65;17632;17700;2
18/07/23;7;6;0;74;0.42;0.68;15.0;43;210;15;77;42.6;218.0;0.0;0;8;205;33;197.0;27;-8;-6;1.029;1.107;0.078;270;253;30;32;65;17626;17700;2
19/07/23;8;4;0;78;0.44;1.01;16.0;45;260;10;87;28.4;247.0;-6.0;-17;-13;244;37;230.5;34;-14;-4;1.068;1.07;0.002;268;268;28;30;60;17622;17700;2
20/07/23;9;6;0;84;0.47;1.14;19.0;53;312;16;103;45.4;292.0;-3.0;-8;-20;285;41;274.0;44;-11;3;1.099;1.066;-0.033;274;284;28;30;60;17616;17700;2
21/07/23;10;3;0;87;0.49;1.27;20.0;56;372;17;120;48.3;340.0;-3.0;-8;-32;330;45;312.0;38;-18;-7;1.129;1.09;-0.039;281;285;28;30;60;17613;17700;2
22/07/23;11;10;0;97;0.55;1.4;22.0;63;435;22;142;62.5;403.0;0.0;-1;-32;380;49;369.0;57;-11;8;1.149;1.091;-0.058;289;306;28;30;60;17603;17700;2
23/07/23;12;3;0;100;0.56;1.53;24.0;68;506;24;166;68.2;471.0;0.0;0;-35;434;54;414.0;45;-20;-9;1.169;1.137;-0.032;297;302;28;30;60;17600;17700;2
24/07/23;13;5;0;105;0.59;1.68;26.0;73;584;25;191;71.0;542.0;-1.0;-2;-42;492;56;471.0;57;-21;1;1.186;1.151;-0.035;305;313;28;30;60;17595;17700;2
25/07/23;14;4;0;109;0.62;1.79;27.0;78;668;26;217;73.9;616.0;-1.0;-4;-52;553;61;528.0;57;-25;-4;1.208;1.166;-0.042;313;321;28;30;60;17591;17700;2
26/07/23;15;9;0;118;0.67;1.92;30.0;84;752;30;247;85.3;701.0;0.0;1;-51;618;65;598.0;70;-20;5;1.219;1.172;-0.047;320;338;26;28;55;17582;17700;2
27/07/23;16;5;0;123;0.69;2.06;32.0;90;841;32;279;91.0;792.0;0.0;1;-49;685;68;652.0;54;-33;-14;1.229;1.215;-0.014;327;333;26;28;55;17577;17700;2
28/07/23;17;8;0;131;0.74;2.18;34.0;96;936;32;311;91.1;883.0;-2.0;-5;-53;756;71;724.0;72;-32;1;1.239;1.22;-0.019;334;347;26;28;55;17569;17700;2
29/07/23;18;4;0;135;0.76;2.31;36.0;102;1036;30;341;85.4;969.0;-6.0;-17;-67;830;74;800.0;76;-30;2;1.249;1.211;-0.038;343;364;26;28;55;17565;17700;2
30/07/23;19;8;0;143;0.81;2.44;37.0;106;1142;35;376;99.7;1068.0;-2.0;-6;-74;908;77;865.0;65;-43;-12;1.259;1.235;-0.024;378;366;26;28;55;17557;17700;2
31/07/23;20;6;0;149;0.84;2.57;40.0;114;1256;40;416;114.0;1182.0;0.0;0;-74;967;80;938.0;73;-29;-7;1.272;1.26;-0.012;383;369;26;28;55;17551;17700;2
01/08/23;21;7;0;156;0.88;2.7;42.0;120;1382;42;458;119.7;1302.0;0.0;0;-80;1069;82;990.0;52;-79;-30;1.294;1.315;0.021;387;355;26;28;55;17544;17700;2
02/08/23;22;6;0;162;0.92;2.83;44.0;126;1517;36;494;102.6;1405.0;-8.0;-23;-112;1153;84;1033.0;43;-120;-41;1.137;1.36;0.223;391;342;24;26;50;17538;17700;2
03/08/23;23;41;0;203;1.15;2.96;46.0;132;1656;36;530;102.9;1507.0;-10.0;-29;-149;1239;86;1088.0;55;-151;-31;1.337;1.386;0.049;394;337;24;26;50;17497;17700;2
04/08/23;24;16;0;219;1.24;3.09;48.0;138;1803;39;569;111.5;1619.0;-9.0;-26;-184;1327;88;1160.0;72;-167;-16;1.36;1.396;0.036;397;342;24;26;50;17481;17700;2
05/08/23;25;21;0;240;1.36;3.22;50.0;144;1958;43;612;123.1;1742.0;-7.0;-21;-216;1418;90;1254.0;94;-164;4;1.382;1.389;0.007;400;356;24;26;50;17460;17700;2
06/08/23;26;6;0;246;1.39;3.35;52.0;150;2120;49;661;140.4;1883.0;-3.0;-10;-237;1510;92;1357.0;103;-153;11;1.405;1.387;-0.018;402;371;24;26;50;17454;17700;2
07/08/23;27;4;0;250;1.41;3.4;54.0;156;2285;54;715;154.7;2037.0;0.0;-1;-248;1604;94;1435.0;78;-169;-16;1.426;1.42;-0.006;404;369;24;26;50;17450;17700;2
08/08/23;28;5;0;255;1.44;3.61;57.0;162;2455;55;770;157.6;2195.0;-2.0;-4;-260;1698;95;1563.0;128;-135;33;1.446;1.404;-0.042;405;392;24;26;50;17445;17700;2
09/08/23;29;3;0;258;1.46;3.74;59.0;168;2635;57;827;163.4;2358.0;-2.0;-5;-277;1794;96;1679.0;116;-115;20;1.47;1.405;-0.065;406;406;24;26;50;17442;17700;2
10/08/23;30;8;0;266;1.5;3.87;60.0;173;2818;60;887;172.1;2530.0;0.0;-1;-288;1891;97;1765.0;86;-126;-11;1.491;1.434;-0.057;407;404;24;26;50;17434;17700;2
11/08/23;31;5;0;271;1.53;4.0;62.0;178;3004;62;949;177.9;2708.0;0.0;0;-296;1989;98;1856.0;91;-133;-7;1.511;1.459;-0.052;408;404;24;26;50;17429;17700;2
12/08/23;32;9;0;280;1.58;4.13;64.0;183;3201;64;1013;183.7;2892.0;0.0;1;-309;2087;99;1955.0;99;-132;0;1.534;1.479;-0.055;408;406;24;26;50;17420;17700;2
13/08/23;33;14;0;294;1.66;4.26;65.0;188;3403;65;1078;186.7;3079.0;0.0;-1;-324;2187;100;2056.0;101;-131;1;1.556;1.497;-0.059;408;409;24;26;50;17406;17700;2
14/08/23;34;1;0;295;1.67;4.39;67.0;193;3601;67;1145;192.5;3271.0;0.0;-1;-330;2289;101;2155.0;99;-134;-2;1.578;1.518;-0.06;407;411;24;26;50;17405;17700;2
15/08/23;35;0;0;295;1.67;4.52;69.0;198;3821;69;1214;198.2;3469.0;0.0;0;-352;2390;101;2402.0;247;12;146;1.6;1.444;-0.156;406;467;24;26;50;17405;17700;2
12/07/23;1;16;0;16;0.09;0.1;6.0;18;18;9;9;25.4;25.4;3.0;7;7;56;14;69.0;22;13;8;0.321;0.362;0.041;0;0;30;32;65;17684;17700;3
13/07/23;2;17;0;33;0.19;0.23;8.0;22;40;8;17;22.6;48.1;0.0;1;8;73;17;83.0;14;10;-3;0.549;0.578;0.029;0;0;30;32;65;17667;17700;3
14/07/23;3;11;0;44;0.25;0.36;9.0;26;66;9;26;25.5;73.6;0.0;-1;8;94;20;98.5;16;5;-5;0.711;0.751;0.04;0;0;30;32;65;17656;17700;3
15/07/23;4;7;0;51;0.29;0.49;11.0;30;96;10;36;28.3;101.9;-1.0;-2;6;117;24;120.0;22;3;-3;0.826;0.85;0.024;0;0;30;32;65;17649;17700;3
16/07/23;5;8;0;59;0.33;0.62;12.0;34;131;12;48;34.0;135.9;0.0;0;5;144;27;144.0;24;0;-3;0.914;0.944;0.03;0;0;30;32;65;17641;17700;3
17/07/23;6;9;0;68;0.38;0.75;13.0;38;170;14;62;39.7;175.6;1.0;2;6;174;30;170.0;26;-4;-4;0.979;1.035;0.056;0;0;30;32;65;17632;17700;3
18/07/23;7;6;0;74;0.42;0.68;15.0;43;210;15;77;42.6;218.1;0.0;0;8;205;33;197.0;27;-8;-6;1.029;1.107;0.078;270;253;30;32;65;17626;17700;3
19/07/23;8;4;0;78;0.44;1.01;16.0;45;260;10;87;28.4;246.5;-6.0;-17;-13;244;37;230.5;34;-14;-4;1.068;1.072;0.004;268;268;28;30;60;17622;17700;3
20/07/23;9;6;0;84;0.47;1.14;19.0;53;312;16;103;45.4;291.9;-3.0;-8;-20;285;41;274.0;44;-11;3;1.099;1.066;-0.033;274;284;28;30;60;17616;17700;3
21/07/23;10;3;0;87;0.49;1.27;20.0;56;372;17;120;48.3;340.2;-3.0;-8;-32;330;45;312.0;38;-18;-7;1.129;1.09;-0.039;281;285;28;30;60;17613;17700;3
22/07/23;11;10;0;97;0.55;1.4;22.0;63;435;22;142;62.5;402.7;0.0;-1;-32;380;49;369.0;57;-11;8;1.149;1.092;-0.057;289;306;28;30;60;17603;17700;3
23/07/23;12;3;0;100;0.56;1.53;24.0;68;506;24;166;68.2;470.9;0.0;0;-35;434;54;414.0;45;-20;-9;1.169;1.138;-0.031;297;301;28;30;60;17600;17700;3
24/07/23;13;5;0;105;0.59;1.68;26.0;73;584;25;191;71.0;541.9;-1.0;-2;-42;492;56;471.0;57;-21;1;1.186;1.151;-0.035;305;313;28;30;60;17595;17700;3
25/07/23;14;4;0;109;0.62;1.79;27.0;78;668;26;217;73.9;615.8;-1.0;-4;-52;553;61;528.0;57;-25;-4;1.208;1.167;-0.041;313;321;28;30;60;17591;17700;3
26/07/23;15;9;0;118;0.67;1.92;30.0;84;752;30;247;85.3;701.1;0.0;1;-51;618;65;598.0;70;-20;5;1.219;1.172;-0.047;320;338;26;28;55;17582;17700;3
27/07/23;16;5;0;123;0.69;2.06;32.0;90;841;32;279;91.0;792.1;0.0;1;-49;685;68;652.0;54;-33;-14;1.229;1.215;-0.014;327;333;26;28;55;17577;17700;3
28/07/23;17;8;0;131;0.74;2.18;34.0;96;936;32;311;91.1;883.2;-2.0;-5;-53;756;71;724.0;72;-32;1;1.239;1.22;-0.019;334;347;26;28;55;17569;17700;3
29/07/23;18;4;0;135;0.76;2.31;36.0;102;1036;30;341;85.4;968.6;-6.0;-17;-67;830;74;800.0;76;-30;2;1.249;1.211;-0.038;343;364;26;28;55;17565;17700;3
30/07/23;19;8;0;143;0.81;2.44;37.0;106;1142;35;376;99.7;1068.3;-2.0;-6;-74;908;77;865.0;65;-43;-12;1.259;1.235;-0.024;378;366;26;28;55;17557;17700;3
31/07/23;20;6;0;149;0.84;2.57;40.0;114;1256;40;416;114.0;1182.2;0.0;0;-74;967;80;938.0;73;-29;-7;1.272;1.26;-0.012;383;369;26;28;55;17551;17700;3
01/08/23;21;7;0;156;0.88;2.7;42.0;120;1382;42;458;119.7;1301.9;0.0;0;-80;1069;82;990.0;52;-79;-30;1.294;1.315;0.021;387;355;26;28;55;17544;17700;3
02/08/23;22;6;0;162;0.92;2.83;44.0;126;1517;36;494;102.6;1404.6;-8.0;-23;-112;1153;84;1033.0;43;-120;-41;1.137;1.36;0.223;391;342;24;26;50;17538;17700;3
03/08/23;23;41;0;203;1.15;2.96;46.0;132;1656;36;530;102.9;1507.5;-10.0;-29;-149;1239;86;1088.0;55;-151;-31;1.337;1.385;0.048;394;338;24;26;50;17497;17700;3
04/08/23;24;16;0;219;1.24;3.09;48.0;138;1803;39;569;111.5;1619.0;-9.0;-26;-184;1327;88;1160.0;72;-167;-16;1.36;1.396;0.036;397;342;24;26;50;17481;17700;3
05/08/23;25;21;0;240;1.36;3.22;50.0;144;1958;43;612;123.1;1742.1;-7.0;-21;-216;1418;90;1254.0;94;-164;4;1.382;1.389;0.007;400;356;24;26;50;17460;17700;3
06/08/23;26;6;0;246;1.39;3.35;52.0;150;2120;49;661;140.4;1882.5;-3.0;-10;-237;1510;92;1357.0;103;-153;11;1.405;1.388;-0.017;402;371;24;26;50;17454;17700;3
07/08/23;27;4;0;250;1.41;3.4;54.0;156;2285;54;715;154.7;2037.2;0.0;-1;-248;1604;94;1435.0;78;-169;-16;1.426;1.42;-0.006;404;369;24;26;50;17450;17700;3
08/08/23;28;5;0;255;1.44;3.61;57.0;162;2455;55;770;157.6;2194.9;-2.0;-4;-260;1698;95;1563.0;128;-135;33;1.446;1.404;-0.042;405;392;24;26;50;17445;17700;3
09/08/23;29;3;0;258;1.46;3.74;59.0;168;2635;57;827;163.4;2358.3;-2.0;-5;-277;1794;96;1679.0;116;-115;20;1.47;1.404;-0.066;406;406;24;26;50;17442;17700;3
10/08/23;30;8;0;266;1.5;3.87;60.0;173;2818;60;887;172.1;2530.4;0.0;-1;-288;1891;97;1765.0;86;-126;-11;1.491;1.433;-0.058;407;404;24;26;50;17434;17700;3
11/08/23;31;5;0;271;1.53;4.0;62.0;178;3004;62;949;177.9;2708.2;0.0;0;-296;1989;98;1856.0;91;-133;-7;1.511;1.459;-0.052;408;404;24;26;50;17429;17700;3
12/08/23;32;9;0;280;1.58;4.13;64.0;183;3201;64;1013;183.7;2891.9;0.0;1;-309;2087;99;1955.0;99;-132;0;1.534;1.479;-0.055;408;407;24;26;50;17420;17700;3
13/08/23;33;14;0;294;1.66;4.26;65.0;188;3403;65;1078;186.7;3078.6;0.0;-1;-324;2187;100;2056.0;101;-131;1;1.556;1.498;-0.058;408;409;24;26;50;17406;17700;3
14/08/23;34;1;0;295;1.67;4.39;67.0;193;3601;67;1145;192.5;3271.1;0.0;-1;-330;2289;101;2155.0;99;-134;-2;1.578;1.518;-0.06;407;411;24;26;50;17405;17700;3
15/08/23;35;0;0;295;1.67;4.52;69.0;198;3821;69;1214;198.2;3469.3;0.0;0;-352;2390;101;2402.0;247;12;146;1.6;1.444;-0.156;406;467;24;26;50;17405;17700;3
01/09/23;1;21;0;21;0.105;0.1;7.0;18;18;7;7;17.5;17.5;0.0;0;0;56;14;55.0;22;-1;8;0.321;0.318;-0.003;0;0;30;32;65;19979;20000;4
02/09/23;2;25;0;46;0.23;0.23;9.0;22;40;6;13;15.0;32.5;-3.0;-7;-7;73;17;68.0;13;-5;-4;0.549;0.479;-0.07;0;0;30;32;65;19954;20000;4
03/09/23;3;17;0;63;0.315;0.36;10.0;26;66;6;19;15.0;47.6;-4.0;-11;-18;94;20;86.0;18;-8;-2;0.711;0.554;-0.157;0;0;30;32;65;19937;20000;4
04/09/23;4;12;0;75;0.375;0.49;12.0;30;96;8;27;20.1;67.7;-4.0;-10;-28;117;24;98.0;12;-19;-12;0.826;0.691;-0.135;0;0;30;32;65;19925;20000;4
05/09/23;5;11;0;86;0.43;0.62;14.0;34;131;9;36;22.6;90.3;-5.0;-11;-41;144;27;117.0;19;-27;-8;0.914;0.773;-0.141;0;0;30;32;65;19914;20000;4
06/09/23;6;12;0;98;0.49;0.75;15.0;38;170;9;45;22.6;112.9;-6.0;-15;-57;174;30;136.0;19;-38;-11;0.979;0.831;-0.148;0;0;30;32;65;19902;20000;4
07/09/23;7;11;0;109;0.545;0.68;17.0;43;210;14;59;35.2;148.1;-3.0;-8;-62;205;33;161.0;25;-44;-8;1.029;0.921;-0.108;270;248;30;32;65;19891;20000;4
08/09/23;8;12;0;121;0.605;1.01;18.0;45;260;15;74;37.7;185.8;-3.0;-7;-74;244;37;187.0;26;-57;-11;1.068;0.995;-0.073;268;234;28;30;60;19879;20000;4
09/09/23;9;7;0;128;0.64;1.14;21.0;53;312;17;91;42.8;228.6;-4.0;-10;-83;285;41;220.0;33;-65;-8;1.099;1.041;-0.058;274;233;28;30;60;19872;20000;4
10/09/23;10;8;0;136;0.68;1.27;22.0;56;372;16;107;40.3;268.8;-6.0;-16;-103;330;45;257.0;37;-73;-8;1.129;1.048;-0.081;281;244;28;30;60;19864;20000;4
11/09/23;11;11;0;147;0.735;1.4;25.0;63;435;21;128;52.9;321.7;-4.0;-10;-113;380;49;292.0;35;-88;-14;1.149;1.104;-0.045;289;239;28;30;60;19853;20000;4
12/09/23;12;11;0;158;0.79;1.53;27.0;68;506;22;150;55.4;377.2;-5.0;-13;-129;434;54;335.0;43;-99;-11;1.169;1.128;-0.041;297;246;28;30;60;19842;20000;4
13/09/23;13;10;0;168;0.84;1.68;29.0;73;584;28;178;70.6;447.8;-1.0;-2;-136;492;56;386.0;51;-106;-5;1.186;1.163;-0.023;305;253;28;30;60;19832;20000;4
14/09/23;14;16;0;184;0.92;1.79;31.0;78;668;22;200;55.5;503.3;-9.0;-22;-165;553;61;431.0;45;-122;-16;1.208;1.171;-0.037;313;260;28;30;60;19816;20000;4
15/09/23;15;15;0;199;0.995;1.92;33.0;84;752;30;230;75.8;579.0;-3.0;-8;-173;618;65;488.0;57;-130;-8;1.219;1.19;-0.029;320;271;26;28;55;19801;20000;4
16/09/23;16;20;0;219;1.095;2.06;36.0;90;841;32;262;80.9;659.9;-4.0;-9;-181;685;68;543.0;55;-142;-13;1.229;1.22;-0.009;327;275;26;28;55;19781;20000;4
17/09/23;17;15;0;234;1.17;2.18;38.0;96;936;34;296;86.0;745.9;-4.0;-10;-190;756;71;604.0;61;-152;-10;1.239;1.24;0.001;334;283;26;28;55;19766;20000;4
18/09/23;18;12;0;246;1.23;2.31;40.0;102;1036;32;328;81.0;826.9;-8.0;-21;-209;830;74;680.0;76;-150;2;1.249;1.221;-0.028;343;306;26;28;55;19754;20000;4
19/09/23;19;8;0;254;1.27;2.44;42.0;106;1142;38;366;96.2;923.1;-4.0;-10;-219;908;77;742.0;62;-166;-15;1.259;1.249;-0.01;378;309;26;28;55;19746;20000;4
20/09/23;20;14;0;268;1.34;2.57;45.0;114;1256;40;406;101.4;1024.5;-5.0;-13;-231;967;80;802.0;60;-165;-20;1.272;1.283;0.011;383;308;26;28;55;19732;20000;4
21/09/23;21;15;0;283;1.415;2.7;47.0;120;1382;38;444;96.4;1120.8;-9.0;-24;-261;1069;82;883.0;81;-186;-1;1.294;1.275;-0.019;387;325;26;28;55;19717;20000;4
22/09/23;22;5;0;288;1.44;2.83;50.0;126;1517;42;486;106.5;1227.4;-8.0;-19;-290;1153;84;948.0;65;-205;-19;1.137;1.3;0.163;391;327;24;26;50;19712;20000;4
23/09/23;23;11;0;299;1.495;2.96;52.0;132;1656;44;530;111.7;1339.1;-8.0;-20;-317;1239;86;1027.0;79;-212;-7;1.337;1.31;-0.027;394;336;24;26;50;19701;20000;4
24/09/23;24;11;0;310;1.55;3.09;54.0;138;1803;46;576;116.8;1455.9;-8.0;-21;-347;1327;88;1107.0;80;-220;-8;1.36;1.321;-0.039;397;344;24;26;50;19690;20000;4
25/09/23;25;11;0;321;1.605;3.22;57.0;144;1958;48;624;122.0;1577.8;-9.0;-22;-380;1418;90;1167.0;60;-251;-30;1.382;1.359;-0.023;400;338;24;26;50;19679;20000;4
26/09/23;26;24;0;345;1.725;3.35;59.0;150;2120;46;670;117.0;1694.8;-13.0;-33;-425;1510;92;1221.0;54;-289;-38;1.405;1.396;-0.009;402;331;24;26;50;19655;20000;4
27/09/23;27;21;0;366;1.83;3.4;61.0;156;2285;46;716;117.1;1812.0;-15.0;-39;-473;1604;94;1289.0;68;-315;-26;1.426;1.415;-0.011;404;331;24;26;50;19634;20000;4
28/09/23;28;25;0;391;1.955;3.61;64.0;162;2455;56;772;142.8;1954.8;-8.0;-19;-500;1698;95;1382.0;93;-316;-2;1.446;1.424;-0.022;405;340;24;26;50;19609;20000;4
29/09/23;29;35;0;426;2.13;3.74;66.0;168;2635;54;826;137.9;2092.7;-12.0;-30;-542;1794;96;1449.0;67;-345;-29;1.47;1.456;-0.014;406;336;24;26;50;19574;20000;4
30/09/23;30;25;0;451;2.255;3.87;68.0;173;2818;52;878;133.0;2225.7;-16.0;-40;-592;1891;97;1531.0;82;-360;-15;1.491;1.467;-0.024;407;340;24;26;50;19549;20000;4
01/10/23;31;10;0;461;2.305;4.0;70.0;178;3004;52;930;133.1;2358.8;-18.0;-45;-645;1989;98;1611.0;80;-378;-18;1.511;1.477;-0.034;408;344;24;26;50;19539;20000;4
02/10/23;32;16;0;477;2.385;4.13;71.0;183;3201;56;986;143.4;2502.2;-15.0;-40;-699;2087;99;1683.0;72;-404;-27;1.534;1.5;-0.034;408;342;24;26;50;19523;20000;4
03/10/23;33;5;0;482;2.41;4.26;73.0;188;3403;50;1036;128.1;2630.3;-23.0;-60;-773;2187;100;1748.0;65;-439;-35;1.556;1.518;-0.038;408;341;24;26;50;19518;20000;4
04/10/23;34;17;0;499;2.495;4.39;75.0;193;3601;52;1088;133.3;2763.6;-23.0;-60;-837;2289;101;1842.0;94;-447;-7;1.578;1.514;-0.064;407;349;24;26;50;19501;20000;4
05/10/23;35;27;0;526;2.63;4.52;77.0;198;3821;54;1142;138.6;2902.3;-23.0;-59;-919;2390;101;1901.0;59;-489;-42;1.6;1.542;-0,073;406;343;24;26;50;19474;20000;4
29/01/24;1;9;0;9;0.045;0.1;7.0;18;18;7;7;17.5;17.5;0.0;0;0;56;14;70.5;22;15;8;0.321;0.255;-0.066;0;0;30;32;65;19991;20000;5
30/01/24;2;13;0;22;0.11;0.23;9.0;22;40;9;16;22.5;40.0;0.0;1;0;73;17;90.5;20;18;3;0.549;0.442;-0.107;0;0;30;32;65;19978;20000;5
31/01/24;3;9;0;31;0.155;0.36;10.0;26;66;9;25;22.5;62.5;-1.0;-3;-3;94;20;113.0;23;19;3;0.711;0.558;-0.153;0;0;30;32;65;19969;20000;5
01/02/24;4;12;0;43;0.215;0.49;12.0;30;96;10;35;25.1;87.6;-2.0;-5;-8;117;24;137.5;25;21;1;0.826;0.64;-0.186;0;0;30;32;65;19957;20000;5
02/02/24;5;10;0;53;0.265;0.62;14.0;34;131;14;49;35.1;122.7;0.0;1;-8;144;27;175.5;38;32;11;0.914;0.701;-0.213;0;0;30;32;65;19947;20000;5
03/02/24;6;14;0;67;0.335;0.75;15.0;38;170;16;65;40.1;162.8;1.0;2;-7;174;30;207.5;32;34;2;0.979;0.786;-0.193;0;0;30;32;65;19933;20000;5
04/02/24;7;6;0;73;0.365;0.68;17.0;43;210;18;83;45.2;208.0;1.0;2;-2;205;33;250.0;43;45;10;1.029;0.832;-0.197;270;351;30;32;65;19927;20000;5
05/02/24;8;11;0;84;0.42;1.01;18.0;45;260;20;103;50.2;258.2;2.0;5;-2;244;37;296.5;47;53;10;1.068;0.87;-0.198;268;349;28;30;60;19916;20000;5
06/02/24;9;10;0;94;0.47;1.14;21.0;53;312;22;125;55.3;313.5;1.0;2;1;285;41;334.0;38;49;-4;1.099;0.937;-0.162;274;336;28;30;60;19906;20000;5
07/02/24;10;15;0;109;0.545;1.27;22.0;56;372;22;147;55.3;368.8;0.0;-1;-3;330;45;386.5;53;57;8;1.129;0.955;-0.174;281;344;28;30;60;19891;20000;5
08/02/24;11;13;0;122;0.61;1.4;25.0;63;435;25;172;62.9;431.7;0.0;0;-3;380;49;421.5;35;42;-14;1.149;1.025;-0.124;289;335;28;30;60;19878;20000;5
09/02/24;12;12;0;134;0.67;1.53;27.0;68;506;27;199;68.0;499.7;0.0;0;-6;434;54;460.0;39;26;-16;1.169;1.087;-0.082;297;330;28;30;60;19866;20000;5
10/02/24;13;12;0;146;0.73;1.68;29.0;73;584;29;228;73.0;572.7;0.0;0;-11;492;56;521.0;61;29;5;1.186;1.1;-0.086;305;342;28;30;60;19854;20000;5
11/02/24;14;16;0;162;0.81;1.79;31.0;78;668;31;259;78.1;650.8;0.0;0;-17;553;61;590.0;69;37;8;1.208;1.103;-0.105;313;355;28;30;60;19838;20000;5
12/02/24;15;16;0;178;0.89;1.92;33.0;84;752;33;292;83.2;734.0;0.0;-1;-18;618;65;667.0;77;49;12;1.219;1.1;-0.119;320;371;26;28;55;19822;20000;5
13/02/24;16;11;0;189;0.945;2.06;36.0;90;841;35;327;88.3;822.3;-1.0;-2;-19;685;68;720.0;53;35;-15;1.229;1.142;-0.087;327;371;26;28;55;19811;20000;5
14/02/24;17;11;0;200;1.0;2.18;38.0;96;936;37;364;93.4;915.7;-1.0;-3;-20;756;71;777.0;57;21;-14;1.239;1.179;-0.06;334;373;26;28;55;19800;20000;5
15/02/24;18;15;0;215;1.075;2.31;40.0;102;1036;39;403;98.6;1014.3;-1.0;-3;-22;830;74;857.0;80;27;6;1.249;1.183;-0.066;343;386;26;28;55;19785;20000;5
16/02/24;19;16;0;231;1.155;2.44;42.0;106;1142;41;444;103.7;1118.0;-1.0;-2;-24;908;77;938.0;81;30;4;1.259;1.192;-0.067;378;396;26;28;55;19769;20000;5
17/02/24;20;7;0;238;1.19;2.57;45.0;114;1256;45;489;113.9;1231.9;0.0;0;-24;967;80;1038.0;100;71;20;1.272;1.187;-0.085;383;402;26;28;55;19762;20000;5
18/02/24;21;3;0;241;1.205;2.7;47.0;120;1382;47;536;118.9;1350.8;0.0;-1;-31;1069;82;1124.5;87;56;5;1.294;1.201;-0.093;387;419;26;28;55;19759;20000;5
19/02/24;22;4;0;245;1.225;2.83;50.0;126;1517;49;585;124.0;1474.8;-1.0;-2;-42;1153;84;1234.0;110;81;26;1.137;1.195;0.058;391;433;24;26;50;19755;20000;5
20/02/24;23;4;0;249;1.245;2.96;52.0;132;1656;52;637;131.6;1606.4;0.0;0;-49;1239;86;1328.0;94;89;8;1.337;1.21;-0.127;394;440;24;26;50;19751;20000;5
21/02/24;24;14;0;263;1.315;3.09;54.0;138;1803;57;694;144.4;1750.8;3.0;6;-52;1327;88;1426.0;98;99;10;1.36;1.228;-0.132;397;444;24;26;50;19737;20000;5
22/02/24;25;14;0;277;1.385;3.22;57.0;144;1958;60;754;152.1;1902.9;3.0;8;-55;1418;90;1516.0;90;98;0;1.382;1.255;-0.127;400;446;24;26;50;19723;20000;5
23/02/24;26;16;0;293;1.465;3.35;59.0;150;2120;64;818;162.4;2065.3;5.0;12;-55;1510;92;1604.0;88;94;-4;1.405;1.287;-0.118;402;445;24;26;50;19707;20000;5
24/02/24;27;5;0;298;1.49;3.4;61.0;156;2285;56;874;142.1;2207.4;-5.0;-14;-77;1604;94;1698.0;94;94;0;1.426;1.3;-0.126;404;450;24;26;50;19702;20000;5
25/02/24;28;12;0;310;1.55;3.61;64.0;162;2455;51;925;129.5;2336.9;-13.0;-32;-118;1698;95;1793.0;95;95;0;1.446;1.303;-0.143;405;458;24;26;50;19690;20000;5
29/01/24;1;23;0;23;0.115;0.1;7.0;18;18;5;5;12.5;13.0;-2.0;-5;-5;56;14;51.0;22;-5;8;0.321;0.255;-0.066;0;0;30;32;65;19977;20000;6
30/01/24;2;16;0;39;0.195;0.23;9.0;22;40;9;14;22.5;35.0;0.0;1;-5;73;17;68.0;17;-5;0;0.549;0.515;-0.034;0;0;30;32;65;19961;20000;6
31/01/24;3;12;0;51;0.255;0.36;10.0;26;66;9;23;22.6;58.0;-1.0;-3;-8;94;20;88.0;20;-6;0;0.711;0.659;-0.052;0;0;30;32;65;19949;20000;6
01/02/24;4;16;0;67;0.335;0.49;12.0;30;96;10;33;25.1;83.0;-2.0;-5;-13;117;24;98.5;11;-19;-14;0.826;0.843;0.017;0;0;30;32;65;19933;20000;6
02/02/24;5;12;0;79;0.395;0.62;14.0;34;131;11;44;27.6;110.0;-3.0;-6;-21;144;27;131.0;33;-13;6;0.914;0.84;-0.074;0;0;30;32;65;19921;20000;6
03/02/24;6;14;0;93;0.465;0.75;15.0;38;170;14;58;35.2;145.0;-1.0;-3;-25;174;30;154.0;23;-20;-7;0.979;0.942;-0.037;0;0;30;32;65;19907;20000;6
04/02/24;7;10;0;103;0.515;0.68;17.0;43;210;17;75;42.7;188.0;0.0;0;-22;205;33;189.5;36;-16;3;1.029;0.992;-0.037;270;271;30;32;65;19897;20000;6
05/02/24;8;11;0;114;0.57;1.01;18.0;45;260;19;94;47.8;236.0;1.0;3;-24;244;37;225.0;36;-19;-2;1.068;1.049;-0.019;268;267;28;30;60;19886;20000;6
06/02/24;9;15;0;129;0.645;1.14;21.0;53;312;22;116;55.4;291.0;1.0;2;-21;285;41;259.0;34;-26;-7;1.099;1.124;0.025;274;254;28;30;60;19871;20000;6
07/02/24;10;4;0;133;0.665;1.27;22.0;56;372;23;139;57.9;349.0;1.0;2;-23;330;45;308.0;49;-22;4;1.129;1.133;0.004;281;270;28;30;60;19867;20000;6
08/02/24;11;6;0;139;0.695;1.4;25.0;63;435;24;163;60.4;410.0;-1.0;-3;-25;380;49;360.0;52;-20;3;1.149;1.139;-0.01;289;285;28;30;60;19861;20000;6
09/02/24;12;4;0;143;0.715;1.53;27.0;68;506;26;189;65.5;475.0;-1.0;-3;-31;434;54;401.0;41;-33;-13;1.169;1.185;0.016;297;280;28;30;60;19857;20000;6
10/02/24;13;9;0;152;0.76;1.68;29.0;73;584;30;219;75.6;551.0;1.0;3;-33;492;56;452.5;52;-40;-5;1.186;1.218;0.032;305;284;28;30;60;19848;20000;6
11/02/24;14;16;0;168;0.84;1.79;31.0;78;668;31;250;78.2;629.0;0.0;0;-39;553;61;540.0;88;-13;27;1.208;1.165;-0.043;313;328;28;30;60;19832;20000;6
12/02/24;15;14;0;182;0.91;1.92;33.0;84;752;34;284;85.8;715.0;1.0;2;-37;618;65;591.0;51;-27;-14;1.219;1.21;-0.009;320;323;26;28;55;19818;20000;6
13/02/24;16;8;0;190;0.95;2.06;36.0;90;841;36;320;90.9;805.0;0.0;1;-36;685;68;651.0;60;-34;-8;1.229;1.237;0.008;327;326;26;28;55;19810;20000;6
14/02/24;17;16;0;206;1.03;2.18;38.0;96;936;38;358;96.0;901.0;0.0;0;-35;756;71;717.0;66;-39;-5;1.239;1.257;0.018;334;332;26;28;55;19794;20000;6
15/02/24;18;6;0;212;1.06;2.31;40.0;102;1036;40;398;101.1;1003.0;0.0;-1;-33;830;74;788.0;71;-42;-3;1.249;1.273;0.024;343;340;26;28;55;19788;20000;6
16/02/24;19;13;0;225;1.125;2.44;42.0;106;1142;42;440;106.2;1109.0;0.0;0;-33;908;77;866.0;78;-42;1;1.259;1.281;0.022;378;352;26;28;55;19775;20000;6
17/02/24;20;8;0;233;1.165;2.57;45.0;114;1256;46;486;116.4;1225.0;1.0;2;-31;967;80;948.0;82;-19;2;1.272;1.292;0.02;383;363;26;28;55;19767;20000;6
18/02/24;21;8;0;241;1.205;2.7;47.0;120;1382;48;534;121.5;1347.0;1.0;1;-35;1069;82;1039.0;91;-30;9;1.294;1.296;0.002;387;377;26;28;55;19759;20000;6
19/02/24;22;10;0;251;1.255;2.83;50.0;126;1517;50;584;126.6;1473.0;0.0;1;-44;1153;84;1122.0;83;-31;-1;1.137;1.313;0.176;391;384;24;26;50;19749;20000;6
20/02/24;23;5;0;256;1.28;2.96;52.0;132;1656;54;638;136.8;1610.0;2.0;5;-46;1239;86;1208.0;86;-31;0;1.337;1.333;-0.004;394;389;24;26;50;19744;20000;6
21/02/24;24;12;0;268;1.34;3.09;54.0;138;1803;54;692;136.8;1747.0;0.0;-1;-56;1327;88;1310.0;102;-17;14;1.36;1.334;-0.026;397;404;24;26;50;19732;20000;6
22/02/24;25;8;0;276;1.38;3.22;57.0;144;1958;57;749;144.5;1891.0;0.0;0;-67;1418;90;1428.0;118;10;28;1.382;1.324;-0.058;400;425;24;26;50;19724;20000;6
23/02/24;26;10;0;286;1.43;3.35;59.0;150;2120;60;809;152.2;2043.0;1.0;2;-77;1510;92;1493.0;65;-17;-27;1.405;1.368;-0.037;402;414;24;26;50;19714;20000;6
24/02/24;27;15;0;301;1.505;3.4;61.0;156;2285;62;871;157.4;2201.0;1.0;1;-84;1604;94;1580.0;87;-24;-7;1.426;1.393;-0.033;404;414;24;26;50;19699;20000;6
25/02/24;28;15;0;316;1.58;3.61;64.0;162;2455;63;934;160.0;2361.0;-1.0;-2;-94;1698;95;1667.0;87;-31;-8;1.446;1.416;-0.03;405;414;24;26;50;19684;20000;6
26/02/24;29;15;0;331;1.655;3.74;66.0;168;2635;58;992;147.4;2508.0;-8.0;-21;-127;1794;96;1831.0;164;37;68;1,470;1.37;-1468.63;406;453;24;26;50;19669;20000;6
10/05/24;1;19;0;19;0.1;0.1;7.0;18;18;7;7;18.0;18.0;0.0;0;0;56;14;64.0;22;8;8;0.321;0.28;-0.041;0;0;30;32;65;19481;19500;7
11/05/24;2;3;0;22;0.11;0.23;9.0;22;40;8;15;20.5;38.5;-1.0;-1;-1;73;17;81.0;17;8;0;0.549;0.475;-0.074;0;0;30;32;65;19478;19500;7
12/05/24;3;15;0;37;0.19;0.36;10.0;26;66;10;25;25.7;64.2;0.0;0;-2;94;20;107.0;26;13;6;0.711;0.6;-0.111;0;0;30;32;65;19463;19500;7
13/05/24;4;10;0;47;0.24;0.49;12.0;30;96;11;36;28.3;92.4;-1.0;-2;-4;117;24;131.0;24;14;0;0.826;0.706;-0.12;0;0;30;32;65;19453;19500;7
14/05/24;5;2;0;49;0.25;0.62;13.0;34;131;13;49;33.4;125.9;0.0;-1;-5;144;27;161.0;30;17;3;0.914;0.782;-0.132;0;0;30;32;65;19451;19500;7
15/05/24;6;15;0;64;0.33;0.75;15.0;38;170;15;64;38.6;164.5;0.0;1;-6;174;30;185.0;24;11;-6;0.979;0.889;-0.09;0;0;30;32;65;19436;19500;7
16/05/24;7;10;0;74;0.38;0.68;17.0;43;210;17;81;43.8;208.2;0.0;1;-2;205;33;222.0;37;17;4;1.029;0.938;-0.091;270;337;30;32;65;19426;19500;7
17/05/24;8;3;0;77;0.39;1.01;17.0;45;260;18;99;46.3;254.5;1.0;1;-5;244;37;256.0;34;12;-3;1.068;0.994;-0.074;268;321;28;30;60;19423;19500;7
18/05/24;9;3;0;80;0.41;1.14;21.0;53;312;20;119;51.5;306.0;-1.0;-2;-6;285;41;298.0;42;13;1;1.099;1.027;-0.072;274;321;28;30;60;19420;19500;7
19/05/24;10;2;0;82;0.42;1.27;22.0;56;372;22;141;56.6;362.7;0.0;1;-9;330;45;345.0;47;15;2;1.129;1.051;-0.078;281;327;28;30;60;19418;19500;7
20/05/24;11;2;0;84;0.43;1.4;24.0;63;435;24;165;61.8;424.5;0.0;-1;-10;380;49;394.0;49;14;0;1.149;1.077;-0.072;289;331;28;30;60;19416;19500;7
21/05/24;12;4;0;88;0.45;1.53;26.0;68;506;26;191;67.0;491.5;0.0;-1;-15;434;54;448.0;54;14;0;1.169;1.097;-0.072;297;339;28;30;60;19412;19500;7
22/05/24;13;6;0;94;0.48;1.68;28.0;73;584;28;219;72.1;563.6;0.0;-1;-20;492;56;506.0;58;14;2;1.186;1.114;-0.072;305;348;28;30;60;19406;19500;7
23/05/24;14;13;0;107;0.55;1.79;30.0;78;668;30;249;77.3;641.0;0.0;-1;-27;553;61;559.0;53;6;-8;1.208;1.147;-0.061;313;346;28;30;60;19393;19500;7
24/05/24;15;6;0;113;0.58;1.92;33.0;84;752;32;281;82.5;723.5;-1.0;-1;-29;618;65;626.0;67;8;2;1.219;1.156;-0.063;320;359;26;28;55;19387;19500;7
25/05/24;16;11;0;124;0.64;2.06;35.0;90;841;34;315;87.7;811.2;-1.0;-2;-30;685;68;702.0;76;17;8;1.229;1.156;-0.073;327;377;26;28;55;19376;19500;7
26/05/24;17;10;0;134;0.69;2.18;37.0;96;936;37;352;95.5;906.7;0.0;0;-29;756;71;773.0;71;17;0;1.239;1.173;-0.066;334;385;26;28;55;19366;19500;7
27/05/24;18;12;0;146;0.75;2.31;39.0;102;1036;40;392;103.3;1010.1;1.0;1;-26;830;74;847.0;74;17;0;1.249;1.193;-0.056;343;391;26;28;55;19354;19500;7
28/05/24;19;19;0;165;0.85;2.44;41.0;106;1142;41;433;106.0;1116.1;0.0;0;-26;908;77;926.0;79;18;2;1.259;1.205;-0.054;378;401;26;28;55;19335;19500;7
29/05/24;20;11;0;176;0.9;2.57;44.0;114;1256;45;478;116.4;1232.5;1.0;2;-23;967;80;1011.0;85;44;5;1.272;1.219;-0.053;383;411;26;28;55;19324;19500;7
30/05/24;21;10;0;186;0.95;2.7;46.0;120;1382;46;524;119.1;1351.6;0.0;-1;-30;1069;82;1082.0;71;13;-11;1.294;1.249;-0.045;387;409;26;28;55;19314;19500;7
31/05/24;22;16;0;202;1.04;2.83;49.0;126;1517;49;573;127.0;1478.6;0.0;1;-38;1153;84;1158.0;76;5;-8;1.137;1.277;0.14;391;408;24;26;50;19298;19500;7
01/06/24;23;10;0;212;1.09;2.96;51.0;132;1656;51;624;132.2;1610.8;0.0;0;-45;1239;86;1255.0;97;16;11;1.337;1.284;-0.053;394;420;24;26;50;19288;19500;7
02/06/24;24;7;0;219;1.12;3.09;53.0;138;1803;54;678;140.0;1750.8;1.0;2;-52;1327;88;1344.0;89;17;1;1.36;1.303;-0.057;397;425;24;26;50;19281;19500;7
03/06/24;25;7;0;226;1.16;3.22;56.0;144;1958;55;733;142.7;1893.5;-1.0;-1;-64;1418;90;1428.0;84;10;-6;1.382;1.326;-0.056;400;426;24;26;50;19274;19500;7
04/06/24;26;7;0;233;1.19;3.35;58.0;150;2120;59;792;153.1;2046.6;1.0;3;-73;1510;92;1513.0;85;3;-7;1.405;1.353;-0.052;402;425;24;26;50;19267;19500;7
05/06/24;27;4;0;237;1.22;3.4;60.0;156;2285;60;852;155.7;2202.4;0.0;0;-83;1604;94;1607.0;94;3;0;1.426;1.37;-0.056;404;429;24;26;50;19263;19500;7
06/06/24;28;5;0;242;1.24;3.61;62.0;162;2455;55;907;142.8;2345.2;-7.0;-19;-110;1698;95;1703.0;96;5;1;1.446;1.377;-0.069;405;436;24;26;50;19258;19500;7
07/06/24;29;0;0;242;1.24;3.74;65.0;168;2635;57;964;148.0;2493.1;-8.0;-20;-142;1794;96;1798.0;95;4;-1;1.47;1.387;-0.083;406;441;24;26;50;19258;19500;7
08/06/24;30;13;0;255;1.31;3.87;67.0;173;2818;53;1017;137.7;2630.8;-14.0;-35;-187;1891;97;1877.0;79;-14;-18;1.491;1.402;-0.089;407;440;24;26;50;19245;19500;7
09/06/24;31;7;0;262;1.34;4.0;68.0;178;3004;55;1072;142.9;2773.8;-13.0;-35;-230;1989;98;1977.0;100;-12;2;1.511;1.403;-0.108;408;448;24;26;50;19238;19500;7
10/06/24;32;3;0;265;1.36;4.13;70.0;183;3201;57;1129;148.2;2922.0;-13.0;-35;-279;2087;99;2180.0;203;93;104;1.534;1.34;-0.194;408;501;24;26;50;19235;19500;7
11/06/24;33;9;0;274;1.41;4.26;72.0;188;3403;62;1191;161.2;3083.2;-10.0;-27;-320;2187;100;2279.0;99;92;-1;1.556;1.353;-0.203;408;503;24;26;50;19226;19500;7
10/05/24;1;8;0;8;0.04;0.1;8.0;18;18;8;8;19.0;19.0;0.0;1;1;56;14;60.0;22;4;8;0.321;0.317;-0.004;0;0;30;32;65;20992;21000;8
11/05/24;2;2;0;10;0.05;0.23;9.0;22;40;10;18;23.8;42.8;1.0;2;3;73;17;78.0;18;5;1;0.549;0.549;0.0;0;0;30;32;65;20990;21000;8
12/05/24;3;11;0;21;0.1;0.36;11.0;26;66;11;29;26.2;69.0;0.0;0;3;94;20;97.0;19;3;-1;0.711;0.712;0.001;0;0;30;32;65;20979;21000;8
13/05/24;4;4;0;25;0.12;0.49;13.0;30;96;13;42;31.0;100.0;0.0;1;4;117;24;121.0;24;4;0;0.826;0.827;0.001;0;0;30;32;65;20975;21000;8
14/05/24;5;7;0;32;0.15;0.62;14.0;34;131;14;56;33.4;133.4;0.0;-1;2;144;27;148.0;27;4;0;0.914;0.901;-0.013;0;0;30;32;65;20968;21000;8
15/05/24;6;10;0;42;0.2;0.75;16.0;38;170;16;72;38.2;171.6;0.0;0;2;174;30;178.0;30;4;0;0.979;0.964;-0.015;0;0;30;32;65;20958;21000;8
16/05/24;7;3;0;45;0.21;0.68;18.0;43;210;18;90;42.9;214.5;0.0;0;5;205;33;212.0;34;7;1;1.029;1.012;-0.017;270;299;30;32;65;20955;21000;8
17/05/24;8;4;0;49;0.23;1.01;19.0;45;260;20;110;47.7;262.3;1.0;3;2;244;37;250.0;38;6;1;1.068;1.049;-0.019;268;297;28;30;60;20951;21000;8
18/05/24;9;4;0;53;0.25;1.14;22.0;53;312;22;132;52.5;314.8;0.0;0;3;285;41;293.0;43;8;2;1.099;1.074;-0.025;274;302;28;30;60;20947;21000;8
19/05/24;10;4;0;57;0.27;1.27;23.0;56;372;24;156;57.3;372.1;1.0;1;0;330;45;335.0;42;5;-3;1.129;1.111;-0.018;281;301;28;30;60;20943;21000;8
20/05/24;11;1;0;58;0.28;1.4;26.0;63;435;26;182;62.1;434.2;0.0;-1;-1;380;49;384.0;49;4;0;1.149;1.131;-0.018;289;308;28;30;60;20942;21000;8
21/05/24;12;7;0;65;0.31;1.53;28.0;68;506;28;210;66.9;501.0;0.0;-1;-5;434;54;424.0;40;-10;-14;1.169;1.182;0.013;297;298;28;30;60;20935;21000;8
22/05/24;13;3;0;68;0.32;1.68;31.0;73;584;30;240;71.7;572.7;-1.0;-1;-11;492;56;482.0;58;-10;2;1.186;1.188;0.002;305;311;28;30;60;20932;21000;8
23/05/24;14;8;0;76;0.36;1.79;33.0;78;668;32;272;76.5;649.2;-1.0;-2;-19;553;61;552.0;70;-1;9;1.208;1.176;-0.032;313;334;28;30;60;20924;21000;8
24/05/24;15;4;0;80;0.38;1.92;35.0;84;752;34;306;81.3;730.4;-1.0;-3;-22;618;65;622.0;70;4;5;1.219;1.174;-0.045;320;352;26;28;55;20920;21000;8
25/05/24;16;6;0;86;0.41;2.06;38.0;90;841;36;342;86.1;816.5;-2.0;-4;-24;685;68;695.0;73;10;5;1.229;1.175;-0.054;327;368;26;28;55;20914;21000;8
26/05/24;17;5;0;91;0.43;2.18;40.0;96;936;40;382;95.7;912.1;0.0;0;-24;756;71;764.0;69;8;-2;1.239;1.194;-0.045;334;375;26;28;55;20909;21000;8
27/05/24;18;8;0;99;0.47;2.31;43.0;102;1036;42;424;100.5;1012.6;-1.0;-2;-23;830;74;836.0;72;6;-2;1.249;1.211;-0.038;343;382;26;28;55;20901;21000;8
28/05/24;19;4;0;103;0.49;2.44;44.0;106;1142;44;468;105.3;1117.9;0.0;-1;-24;908;77;913.0;77;5;0;1.259;1.224;-0.035;378;391;26;28;55;20897;21000;8
29/05/24;20;7;0;110;0.52;2.57;48.0;114;1256;46;514;110.1;1228.0;-2.0;-4;-28;967;80;992.0;79;25;-1;1.272;1.238;-0.034;383;399;26;28;55;20890;21000;8
30/05/24;21;4;0;114;0.54;2.7;50.0;120;1382;50;564;119.7;1347.7;0.0;0;-34;1069;82;1064.0;72;-5;-10;1.294;1.267;-0.027;387;398;26;28;55;20886;21000;8
31/05/24;22;6;0;120;0.57;2.83;53.0;126;1517;52;616;124.5;1472.2;-1.0;-1;-45;1153;84;1142.0;78;-11;-6;1.137;1.289;0.152;391;400;24;26;50;20880;21000;8
01/06/24;23;7;0;127;0.6;2.96;55.0;132;1656;54;670;129.4;1601.6;-1.0;-3;-54;1239;86;1245.0;103;6;17;1.337;1.286;-0.051;394;418;24;26;50;20873;21000;8
02/06/24;24;10;0;137;0.65;3.09;58.0;138;1803;57;727;136.6;1738.2;-1.0;-1;-65;1327;88;1338.0;93;11;5;1.36;1.299;-0.061;397;426;24;26;50;20863;21000;8
03/06/24;25;7;0;144;0.69;3.22;60.0;144;1958;60;787;143.8;1882.0;0.0;0;-76;1418;90;1431.0;93;13;3;1.382;1.315;-0.067;400;432;24;26;50;20856;21000;8
04/06/24;26;6;0;150;0.71;3.35;63.0;150;2120;62;849;148.7;2030.7;-1.0;-1;-89;1510;92;1511.0;80;1;-12;1.405;1.344;-0.061;402;429;24;26;50;20850;21000;8
05/06/24;27;6;0;156;0.74;3.4;65.0;156;2285;64;913;153.5;2184.2;-1.0;-2;-101;1604;94;1613.0;102;9;8;1.426;1.354;-0.072;404;438;24;26;50;20844;21000;8
06/06/24;28;9;0;165;0.79;3.61;68.0;162;2455;67;980;160.8;2345.0;-1.0;-1;-110;1698;95;1711.0;98;13;3;1.446;1.371;-0.075;405;442;24;26;50;20835;21000;8
07/06/24;29;9;0;174;0.83;3.74;70.0;168;2635;70;1050;168.1;2513.1;0.0;0;-122;1794;96;1799.0;88;5;-8;1.47;1.397;-0.073;406;440;24;26;50;20826;21000;8
08/06/24;30;7;0;181;0.86;3.87;72.0;173;2818;72;1122;172.9;2686.0;0.0;0;-132;1891;97;1890.0;91;-1;-6;1.491;1.421;-0.07;407;439;24;26;50;20819;21000;8
09/06/24;31;9;0;190;0.9;4.0;74.0;178;3004;74;1196;177.8;2863.8;0.0;0;-140;1989;98;1996.0;106;7;8;1.511;1.435;-0.076;408;445;24;26;50;20810;21000;8
10/06/24;32;9;0;199;0.95;4.13;76.0;183;3201;73;1269;175.5;3039.2;-3.0;-8;-162;2087;99;2105.0;109;18;10;1.534;1.444;-0.09;408;451;24;26;50;20801;21000;8
11/06/24;33;11;0;210;1.0;4.26;78.0;188;3403;74;1343;178.0;3217.2;-4.0;-10;-186;2187;100;2202.0;97;15;-3;1.556;1.461;-0.095;408;452;24;26;50;20790;21000;8
02/09/24;1;20;0;20;0.1;0.1;8.0;18;18;8;8;19.0;19.0;0.0;1;1;56;14;60.0;22;4;8;0.321;0.317;-0.004;0;0;30;32;65;20980;21000;9
03/09/24;2;28;0;48;0.23;0.23;9.0;22;40;10;18;23.9;42.9;1.0;2;3;73;17;80.0;20;7;3;0.549;0.536;-0.013;0;0;30;32;65;20952;21000;9
04/09/24;3;13;0;61;0.29;0.36;11.0;26;66;11;29;26.3;69.2;0.0;0;3;94;20;99.0;19;5;-1;0.711;0.699;-0.012;0;0;30;32;65;20939;21000;9
05/09/24;4;12;0;73;0.35;0.49;13.0;30;96;12;41;28.7;97.8;-1.0;-1;2;117;24;121.0;22;4;-2;0.826;0.809;-0.017;0;0;30;32;65;20927;21000;9
06/09/24;5;8;0;81;0.39;0.62;14.0;34;131;14;55;33.5;131.3;0.0;-1;0;144;27;150.0;29;6;2;0.914;0.875;-0.039;0;0;30;32;65;20919;21000;9
07/09/24;6;8;0;89;0.42;0.75;16.0;38;170;16;71;38.3;169.6;0.0;0;0;174;30;181.0;31;7;1;0.979;0.937;-0.042;0;0;30;32;65;20911;21000;9
08/09/24;7;17;0;106;0.5;0.68;18.0;43;210;18;89;43.1;212.6;0.0;0;3;205;33;216.0;35;11;2;1.029;0.984;-0.045;270;312;30;32;65;20894;21000;9
09/09/24;8;4;0;110;0.52;1.01;19.0;45;260;20;109;47.9;260.5;1.0;3;1;244;37;253.0;37;9;0;1.068;1.03;-0.038;268;305;28;30;60;20890;21000;9
10/09/24;9;4;0;114;0.54;1.14;22.0;53;312;21;130;50.3;310.8;-1.0;-3;-1;285;41;293.0;40;8;-1;1.099;1.061;-0.038;274;305;28;30;60;20886;21000;9
11/09/24;10;1;0;115;0.55;1.27;23.0;56;372;24;154;57.5;368.2;1.0;1;-4;330;45;337.0;44;7;-1;1.129;1.093;-0.036;281;307;28;30;60;20885;21000;9
12/09/24;11;3;0;118;0.56;1.4;26.0;63;435;26;180;62.3;430.5;0.0;-1;-4;380;49;385.0;48;5;-1;1.149;1.118;-0.031;289;311;28;30;60;20882;21000;9
13/09/24;12;3;0;121;0.58;1.53;28.0;68;506;29;209;69.4;499.9;1.0;1;-6;434;54;437.0;52;3;-2;1.169;1.144;-0.025;297;316;28;30;60;20879;21000;9
14/09/24;13;4;0;125;0.6;1.68;30.0;73;584;31;240;74.3;574.2;1.0;1;-10;492;56;489.0;52;-3;-4;1.186;1.174;-0.012;305;318;28;30;60;20875;21000;9
15/09/24;14;5;0;130;0.62;1.79;33.0;78;668;32;272;76.7;650.9;-1.0;-1;-17;553;61;550.0;61;-3;0;1.208;1.183;-0.025;313;330;28;30;60;20870;21000;9
16/09/24;15;6;0;136;0.65;1.92;35.0;84;752;35;307;83.9;734.7;0.0;0;-17;618;65;620.0;70;2;5;1.219;1.185;-0.034;320;347;26;28;55;20864;21000;9
17/09/24;16;6;0;142;0.68;2.06;38.0;90;841;38;345;91.1;825.8;0.0;1;-15;685;68;687.0;67;2;-1;1.229;1.202;-0.027;327;355;26;28;55;20858;21000;9
18/09/24;17;5;0;147;0.7;2.18;40.0;96;936;40;385;95.9;921.7;0.0;0;-14;756;71;760.0;73;4;2;1.239;1.213;-0.026;334;366;26;28;55;20853;21000;9
19/09/24;18;5;0;152;0.72;2.31;43.0;102;1036;43;428;103.1;1024.9;0.0;1;-11;830;74;834.0;74;4;0;1.249;1.229;-0.02;343;374;26;28;55;20848;21000;9
20/09/24;19;5;0;157;0.75;2.44;44.0;106;1142;45;473;107.9;1132.8;1.0;2;-9;908;77;913.0;79;5;2;1.259;1.241;-0.018;378;384;26;28;55;20843;21000;9
21/09/24;20;5;0;162;0.77;2.57;48.0;114;1256;48;521;115.2;1248.0;0.0;1;-8;967;80;998.0;85;31;5;1.272;1.25;-0.022;383;396;26;28;55;20838;21000;9
22/09/24;21;5;0;167;0.8;2.7;50.0;120;1382;50;571;120.0;1368.0;0.0;0;-14;1069;82;1081.0;83;12;1;1.294;1.265;-0.029;387;404;26;28;55;20833;21000;9
23/09/24;22;7;0;174;0.83;2.83;52.0;126;1517;52;623;124.8;1492.8;0.0;-1;-24;1153;84;1165.0;84;12;0;1.137;1.281;0.144;391;410;24;26;50;20826;21000;9
24/09/24;23;5;0;179;0.85;2.96;55.0;132;1656;55;678;132.1;1624.9;0.0;0;-31;1239;86;1254.0;89;15;3;1.337;1.296;-0.041;394;417;24;26;50;20821;21000;9
25/09/24;24;4;0;183;0.87;3.09;57.0;138;1803;55;733;132.1;1757.0;-2.0;-6;-46;1327;88;1343.0;89;16;1;1.36;1.308;-0.052;397;424;24;26;50;20817;21000;9
26/09/24;25;6;0;189;0.9;3.22;60.0;144;1958;62;795;149.0;1906.0;2.0;5;-52;1418;90;1437.0;94;19;4;1.382;1.326;-0.056;400;429;24;26;50;20811;21000;9
27/09/24;26;7;0;196;0.93;3.35;62.0;150;2120;62;857;149.0;2055.0;0.0;-1;-65;1510;92;1537.0;100;27;8;1.405;1.337;-0.068;402;438;24;26;50;20804;21000;9
28/09/24;27;15;0;211;1.0;3.4;65.0;156;2285;65;922;156.3;2211.3;0.0;0;-74;1604;94;1634.0;97;30;3;1.426;1.353;-0.073;404;443;24;26;50;20789;21000;9
29/09/24;28;8;0;219;1.04;3.61;67.0;162;2455;62;984;149.2;2360.5;-5.0;-13;-94;1698;95;1733.0;99;35;4;1.446;1.362;-0.084;405;450;24;26;50;20781;21000;9
30/09/24;29;3;0;222;1.06;3.74;70.0;168;2635;61;1045;146.8;2507.3;-9.0;-21;-128;1794;96;1833.0;100;39;4;1.47;1.368;-0.102;406;457;24;26;50;20778;21000;9
01/10/24;30;8;0;230;1.1;3.87;72.0;173;2818;63;1108;151.7;2658.9;-9.0;-21;-159;1891;97;1931.0;98;40;1;1.491;1.377;-0.114;407;462;24;26;50;20770;21000;9
02/10/24;31;9;0;239;1.14;4.0;74.0;178;3004;65;1173;156.5;2815.5;-9.0;-21;-188;1989;98;2033.0;102;44;4;1.511;1.385;-0.126;408;468;24;26;50;20761;21000;9
03/10/24;32;10;0;249;1.19;4.13;76.0;183;3201;67;1231;161.4;2976.9;-18.0;-43;-246;2087;99;2133.0;100;46;1;1.534;1.396;-0.138;408;475;24;26;50;20751;21000;9
04/10/24;33;10;0;259;1.23;4.26;78.0;188;3403;69;1275;166.3;3143.3;-34.0;-82;-342;2187;100;2233.0;100;46;0;1.556;1.408;-0.148;408;487;24;26;50;20741;21000;9
05/10/24;34;10;0;269;1.28;4.39;80.0;192;3504;70;1309;168.8;3312.1;-46.0;-110;-361;2289;101;2333.0;100;44;-1;1.578;1.42;-0.158;407;503;24;26;50;20731;21000;9
06/10/24;35;0;0;269;1.28;4.52;83.0;199;3601;72;1309;173.7;3485.7;-83.0;-199;-458;2390;101;2333.0;100;0;-1;1.6;1.494;-0.106;407;488;24;26;50;20731;21000;9
27/10/24;1;12;0;12;0.06;0.1;7.0;18;18;7;7;17.4;17.4;0.0;-1;-1;56;14;63.0;22;7;8;0.321;0.276;-0.045;0;0;30;32;65;20088;20100;10
28/10/24;2;9;0;21;0.1;0.23;9.0;22;40;9;16;22.4;39.8;0.0;0;0;73;17;82.0;19;9;2;0.549;0.486;-0.063;0;0;30;32;65;20079;20100;10
29/10/24;3;6;0;27;0.13;0.36;10.0;26;66;10;26;24.9;64.7;0.0;-1;-1;94;20;105.0;23;11;3;0.711;0.617;-0.094;0;0;30;32;65;20073;20100;10
30/10/24;4;6;0;33;0.16;0.49;12.0;30;96;12;38;29.9;94.6;0.0;0;-1;117;24;130.0;25;13;1;0.826;0.728;-0.098;0;0;30;32;65;20067;20100;10
31/10/24;5;3;0;36;0.18;0.62;14.0;34;131;14;52;34.9;129.5;0.0;1;-1;144;27;159.0;29;15;2;0.914;0.815;-0.099;0;0;30;32;65;20064;20100;10
01/11/24;6;5;0;41;0.2;0.75;15.0;38;170;15;67;37.4;166.9;0.0;-1;-3;174;30;191.0;32;17;2;0.979;0.874;-0.105;0;0;30;32;65;20059;20100;10
02/11/24;7;2;0;43;0.21;0.68;17.0;43;210;17;84;42.4;209.3;0.0;-1;-1;205;33;226.0;35;21;2;1.029;0.926;-0.103;270;348;30;32;65;20057;20100;10
03/11/24;8;0;0;43;0.21;1.01;18.0;45;260;18;102;44.9;254.2;0.0;0;-6;244;37;265.0;39;21;2;1.068;0.959;-0.109;268;345;28;30;60;20057;20100;10
04/11/24;9;0;0;43;0.21;1.14;21.0;53;312;21;123;52.4;306.5;0.0;-1;-5;285;41;306.0;41;21;0;1.099;1.002;-0.097;274;339;28;30;60;20057;20100;10
05/11/24;10;3;0;46;0.23;1.27;22.0;56;372;22;145;54.9;361.4;0.0;-1;-11;330;45;351.0;45;21;0;1.129;1.03;-0.099;281;340;28;30;60;20054;20100;10
06/11/24;11;4;0;50;0.25;1.4;25.0;63;435;25;170;62.3;423.7;0.0;-1;-11;380;49;402.0;51;22;2;1.149;1.054;-0.095;289;346;28;30;60;20050;20100;10
07/11/24;12;5;0;55;0.27;1.53;27.0;68;506;27;197;67.3;491.1;0.0;-1;-15;434;54;451.0;49;17;-5;1.169;1.089;-0.08;297;344;28;30;60;20045;20100;10
08/11/24;13;6;0;61;0.3;1.68;29.0;73;584;29;226;72.4;563.4;0.0;-1;-21;492;56;495.0;44;3;-12;1.186;1.138;-0.048;305;334;28;30;60;20039;20100;10
09/11/24;14;7;0;68;0.34;1.79;31.0;78;668;31;257;77.4;640.8;0.0;-1;-27;553;61;557.0;62;4;1;1.208;1.15;-0.058;313;345;28;30;60;20032;20100;10
10/11/24;15;4;0;72;0.36;1.92;34.0;84;752;33;290;82.4;723.2;-1.0;-2;-29;618;65;623.0;66;5;1;1.219;1.161;-0.058;320;357;26;28;55;20028;20100;10
11/11/24;16;7;0;79;0.39;2.06;36.0;90;841;36;326;89.9;813.1;0.0;0;-28;685;68;700.0;77;15;9;1.229;1.162;-0.067;327;375;26;28;55;20021;20100;10
12/11/24;17;4;0;83;0.41;2.18;38.0;96;936;38;364;94.9;908.0;0.0;-1;-28;756;71;768.0;68;12;-3;1.239;1.182;-0.057;334;381;26;28;55;20017;20100;10
13/11/24;18;3;0;86;0.43;2.31;41.0;102;1036;40;404;99.9;1007.9;-1.0;-2;-28;830;74;842.0;74;12;0;1.249;1.197;-0.052;343;389;26;28;55;20014;20100;10
14/11/24;19;7;0;93;0.46;2.44;42.0;106;1142;42;446;105.0;1112.9;0.0;-1;-29;908;77;922.0;80;14;3;1.259;1.207;-0.052;378;400;26;28;55;20007;20100;10
15/11/24;20;5;0;98;0.49;2.57;46.0;114;1256;45;491;112.5;1225.4;-1.0;-2;-31;967;80;1001.0;79;34;-1;1.272;1.224;-0.048;383;407;26;28;55;20002;20100;10
16/11/24;21;7;0;105;0.52;2.7;48.0;120;1382;48;539;120.0;1345.4;0.0;0;-37;1069;82;1082.0;81;13;-1;1.294;1.243;-0.051;387;412;26;28;55;19995;20100;10
17/11/24;22;2;0;107;0.53;2.83;50.0;126;1517;50;589;125.0;1470.5;0.0;-1;-47;1153;84;1163.0;81;10;-3;1.137;1.264;0.127;391;416;24;26;50;19993;20100;10
18/11/24;23;1;0;108;0.54;2.96;53.0;132;1656;52;641;130.1;1600.5;-1.0;-2;-55;1239;86;1249.0;86;10;0;1.337;1.281;-0.056;394;421;24;26;50;19992;20100;10
19/11/24;24;2;0;110;0.55;3.09;55.0;138;1803;55;696;137.6;1738.1;0.0;0;-65;1327;88;1337.0;88;10;0;1.36;1.3;-0.06;397;426;24;26;50;19990;20100;10
20/11/24;25;3;0;113;0.56;3.22;58.0;144;1958;53;749;132.6;1870.7;-5.0;-11;-87;1418;90;1427.0;90;9;0;1.382;1.311;-0.071;400;433;24;26;50;19987;20100;10
21/11/24;26;5;0;118;0.59;3.35;60.0;150;2120;55;804;137.6;2008.3;-5.0;-12;-112;1510;92;1519.0;92;9;0;1.405;1.322;-0.083;402;439;24;26;50;19982;20100;10
22/11/24;27;5;0;123;0.61;3.4;62.0;156;2285;57;861;142.7;2151.0;-5.0;-13;-134;1604;94;1614.0;95;10;1;1.426;1.333;-0.093;404;446;24;26;50;19977;20100;10
23/11/24;28;3;0;126;0.63;3.61;65.0;162;2455;59;920;147.7;2298.6;-6.0;-14;-156;1698;95;1710.0;96;12;1;1.446;1.344;-0.102;405;451;24;26;50;19974;20100;10
24/11/24;29;3;0;129;0.64;3.74;67.0;168;2635;61;981;152.7;2451.4;-6.0;-15;-184;1794;96;1806.0;96;12;0;1.47;1.357;-0.113;406;456;24;26;50;19971;20100;10
25/11/24;30;0;0;129;0.64;3.87;69.0;173;2818;63;1044;157.7;2609.1;-6.0;-15;-209;1891;97;1912.0;106;21;9;1.491;1.365;-0.126;407;464;24;26;50;19971;20100;10
26/11/24;31;0;0;129;0.64;4.0;71.0;178;3004;65;1109;162.7;2771.8;-6.0;-15;-232;1989;98;2011.0;99;22;1;1.511;1.378;-0.133;408;468;24;26;50;19971;20100;10
27/11/24;32;0;0;129;0.64;4.13;73.0;183;3201;68;1177;170.2;2942.1;-5.0;-13;-259;2087;99;2118.0;107;31;8;1.534;1.389;-0.145;408;473;24;26;50;19971;20100;10
28/11/24;33;0;0;129;0.64;4.26;75.0;188;3403;65;1242;162.7;3104.8;-10.0;-25;-298;2187;100;2201.0;83;14;-17;1.556;1.411;-0.145;408;470;24;26;50;19971;20100;10
29/11/24;34;0;0;129;0.64;4.39;77.0;192;3504;70;1312;175.3;3280.1;-7.0;-17;-224;2289;101;2310.0;109;21;8;1.578;1.42;-0.158;407;475;24;26;50;19971;20100;10
30/11/24;35;0;0;129;0.64;4.52;79.0;199;3601;72;1384;180.3;3460.3;-7.0;-19;-141;2390;101;2400.0;90;10;-11;1.6;1.442;-0.158;407;473;24;26;50;19971;20100;10
15/12/24;1;15;0;15;0.075;0.1;7.0;18;18;7;7;17.5;17.5;0.0;0;0;56;14;54.0;21;-2;7;0.321;0.324;0.003;0;0;30;32;65;19985;20000;11
16/12/24;2;13;0;28;0.14;0.23;9.0;22;40;8;15;20.0;37.5;-1.0;-2;-2;73;17;69.0;15;-4;-2;0.549;0.544;-0.005;0;0;30;32;65;19972;20000;11
17/12/24;3;14;0;42;0.21;0.36;10.0;26;66;10;25;25.1;62.6;0.0;-1;-3;94;20;90.0;21;-4;1;0.711;0.695;-0.016;0;0;30;32;65;19958;20000;11
18/12/24;4;15;0;57;0.285;0.49;12.0;30;96;10;35;25.1;87.7;-2.0;-5;-8;117;24;110.0;20;-7;-4;0.826;0.797;-0.029;0;0;30;32;65;19943;20000;11
19/12/24;5;15;0;72;0.36;0.62;14.0;34;131;12;47;30.1;117.8;-2.0;-4;-13;144;27;135.0;25;-9;-2;0.914;0.872;-0.042;0;0;30;32;65;19928;20000;11
20/12/24;6;10;0;82;0.41;0.75;15.0;38;170;14;61;35.1;152.9;-1.0;-3;-17;174;30;166.0;31;-8;1;0.979;0.921;-0.058;0;0;30;32;65;19918;20000;11
21/12/24;7;0;0;82;0.41;0.68;17.0;43;210;16;77;40.2;193.1;-1.0;-3;-17;205;33;201.0;35;-4;2;1.029;0.961;-0.068;270;298;30;32;65;19918;20000;11
22/12/24;8;1;0;83;0.415;1.01;18.0;45;260;18;95;45.2;238.3;0.0;0;-22;244;37;237.0;36;-7;-1;1.068;1.005;-0.063;268;293;28;30;60;19917;20000;11
23/12/24;9;0;0;83;0.415;1.14;21.0;53;312;20;115;50.2;288.5;-1.0;-3;-24;285;41;278.0;41;-7;0;1.099;1.038;-0.061;274;296;28;30;60;19917;20000;11
24/12/24;10;3;0;86;0.43;1.27;22.0;56;372;22;137;55.2;343.7;0.0;-1;-28;330;45;323.0;45;-7;0;1.129;1.064;-0.065;281;302;28;30;60;19914;20000;11
25/12/24;11;2;0;88;0.44;1.4;25.0;63;435;24;161;60.3;404.0;-1.0;-3;-31;380;49;373.0;50;-7;1;1.149;1.083;-0.066;289;312;28;30;60;19912;20000;11
26/12/24;12;4;0;92;0.46;1.53;27.0;68;506;25;186;62.8;466.8;-2.0;-5;-39;434;54;415.0;42;-19;-12;1.169;1.125;-0.044;297;306;28;30;60;19908;20000;11
27/12/24;13;4;0;96;0.48;1.68;29.0;73;584;27;213;67.8;534.6;-2.0;-5;-49;492;56;454.0;39;-38;-17;1.186;1.177;-0.009;305;295;28;30;60;19904;20000;11
28/12/24;14;5;0;101;0.505;1.79;31.0;78;668;30;243;75.4;610.0;-1.0;-3;-58;553;61;515.0;61;-38;0;1.208;1.184;-0.024;313;309;28;30;60;19899;20000;11
29/12/24;15;3;0;104;0.52;1.92;33.0;84;752;32;275;80.4;690.4;-1.0;-4;-62;618;65;577.0;62;-41;-3;1.219;1.197;-0.022;320;320;26;28;55;19896;20000;11
30/12/24;16;5;0;109;0.545;2.06;36.0;90;841;34;309;85.5;775.8;-2.0;-5;-65;685;68;642.0;65;-43;-3;1.229;1.208;-0.021;327;330;26;28;55;19891;20000;11
31/12/24;17;7;0;116;0.58;2.18;38.0;96;936;38;347;95.6;871.4;0.0;0;-65;756;71;714.0;72;-42;1;1.239;1.22;-0.019;334;342;26;28;55;19884;20000;11
01/01/25;18;17;0;133;0.665;2.31;41.0;102;1036;40;387;100.7;972.1;-1.0;-1;-64;830;74;781.0;67;-49;-7;1.249;1.245;-0.004;343;346;26;28;55;19867;20000;11
02/01/25;19;38;0;171;0.855;2.44;42.0;106;1142;40;427;100.9;1072.9;-2.0;-5;-69;908;77;847.0;66;-61;-11;1.259;1.267;0.008;378;349;26;28;55;19829;20000;11
03/01/25;20;56;0;227;1.135;2.57;45.0;114;1256;38;465;96.1;1169.0;-7.0;-18;-87;967;80;906.0;59;-61;-21;1.272;1.29;0.018;383;347;26;28;55;19773;20000;11
04/01/25;21;45;0;272;1.36;2.7;47.0;120;1382;38;503;96.3;1265.3;-9.0;-24;-117;1069;82;973.0;67;-96;-15;1.294;1.3;0.006;387;351;26;28;55;19728;20000;11
05/01/25;22;16;0;288;1.44;2.83;50.0;126;1517;40;543;101.5;1366.8;-10.0;-25;-150;1153;84;1054.0;81;-99;-3;1.137;1.297;0.16;391;364;24;26;50;19712;20000;11
06/01/25;23;18;0;306;1.53;2.96;52.0;132;1656;44;587;111.7;1478.5;-8.0;-20;-177;1239;86;1123.0;69;-116;-17;1.337;1.317;-0.02;394;365;24;26;50;19694;20000;11
07/01/25;24;26;0;332;1.66;3.09;54.0;138;1803;46;633;116.9;1595.4;-8.0;-21;-208;1327;88;1207.0;84;-120;-4;1.36;1.322;-0.038;397;374;24;26;50;19668;20000;11
08/01/25;25;20;0;352;1.76;3.22;57.0;144;1958;46;679;117.1;1712.5;-11.0;-27;-245;1418;90;1298.0;91;-120;1;1.382;1.319;-0.063;400;387;24;26;50;19648;20000;11
09/01/25;26;18;0;370;1.85;3.35;59.0;150;2120;48;727;122.3;1834.8;-11.0;-28;-285;1510;92;1397.0;99;-113;7;1.405;1.313;-0.092;402;402;24;26;50;19630;20000;11
10/01/25;27;19;0;389;1.945;3.4;61.0;156;2285;50;777;127.5;1962.2;-11.0;-29;-323;1604;94;1489.0;92;-115;-2;1.426;1.318;-0.108;404;410;24;26;50;19611;20000;11
11/01/25;28;13;0;402;2.01;3.61;63.0;162;2455;52;829;132.7;2094.9;-11.0;-29;-360;1698;95;1584.0;95;-114;0;1.446;1.323;-0.123;405;419;24;26;50;19598;20000;11
12/01/25;29;13;0;415;2.075;3.74;66.0;168;2635;56;885;143.0;2237.9;-10.0;-25;-397;1794;96;1680.0;96;-114;0;1.47;1.332;-0.138;406;426;24;26;50;19585;20000;11
13/01/25;30;11;0;426;2.13;3.87;68.0;173;2818;59;944;150.7;2388.6;-9.0;-22;-429;1891;97;1750.0;70;-141;-27;1.491;1.365;-0.126;407;418;24;26;50;19574;20000;11
14/01/25;31;0;0;426;2.13;4.0;70.0;178;3004;61;1005;155.8;2544.4;-9.0;-22;-460;1989;98;1830.0;80;-159;-18;1.511;1.39;-0.121;408;416;24;26;50;19574;20000;11
15/01/25;32;0;0;426;2.13;4.13;72.0;183;3201;63;1068;160.9;2705.3;-9.0;-22;-496;2087;99;1943.0;113;-144;14;1.534;1.392;-0.142;408;427;24;26;50;19574;20000;11
16/01/25;33;0;0;426;2.13;4.26;74.0;188;3403;65;1133;166.0;2871.4;-9.0;-22;-532;2187;100;2012.0;69;-175;-31;1.556;1.427;-0.129;408;418;24;26;50;19574;20000;11
17/01/25;34;0;0;426;2.13;4.39;75.0;192;3504;68;1201;173.7;3045.1;-7.0;-18;-459;2289;101;2093.0;81;-196;-20;1.578;1.455;-0.123;407;414;24;26;50;19574;20000;11
18/01/25;35;0;0;426;2.13;4.52;78.0;199;3601;65;1266;166.0;3211.1;-13.0;-33;-390;2390;101;2189.0;96;-201;-5;1.6;1.467;-0.133;407;417;24;26;50;19574;20000;11
27/03/25;1;46;0;46;0.23;0.1;7.0;18;18;8;8;20.0;20.0;1.0;2;2;56;14;67.0;26;11;12;0.321;0.28;-0.041;0;0;30;32;65;19954;20000;12
28/03/25;2;34;0;80;0.4;0.23;9.0;22;40;9;17;22.6;42.6;0.0;1;3;73;17;85.0;18;12;1;0.549;0.475;-0.074;0;0;30;32;65;19920;20000;12
29/03/25;3;34;0;114;0.57;0.36;10.0;26;66;9;26;22.6;65.2;-1.0;-3;-1;94;20;103.0;18;9;-2;0.711;0.6;-0.111;0;0;30;32;65;19886;20000;12
30/03/25;4;15;0;129;0.645;0.49;12.0;30;96;10;36;25.2;90.4;-2.0;-5;-6;117;24;131.0;28;14;4;0.826;0.706;-0.12;0;0;30;32;65;19871;20000;12
31/03/25;5;11;0;140;0.7;0.62;14.0;34;131;11;47;27.7;118.1;-3.0;-6;-13;144;27;158.0;27;14;0;0.914;0.782;-0.132;0;0;30;32;65;19860;20000;12
01/04/25;6;14;0;154;0.77;0.75;15.0;38;170;14;61;35.3;153.3;-1.0;-3;-17;174;30;188.0;30;14;0;0.979;0.889;-0.09;0;0;30;32;65;19846;20000;12
02/04/25;7;14;0;168;0.84;0.68;17.0;43;210;15;76;37.8;191.2;-2.0;-5;-19;205;33;222.0;34;17;1;1.029;0.938;-0.091;270;306;30;32;65;19832;20000;12
03/04/25;8;11;0;179;0.895;1.01;18.0;45;260;18;94;45.4;236.6;0.0;0;-23;244;37;260.0;38;16;1;1.068;0.994;-0.074;268;302;28;30;60;19821;20000;12
04/04/25;9;13;0;192;0.96;1.14;21.0;53;312;21;115;53.0;289.6;0.0;0;-22;285;41;300.0;40;15;-1;1.099;1.027;-0.072;274;300;28;30;60;19808;20000;12
05/04/25;10;4;0;196;0.98;1.27;22.0;56;372;22;137;55.5;345.1;0.0;0;-27;330;45;345.0;45;15;0;1.129;1.051;-0.078;281;303;28;30;60;19804;20000;12
06/04/25;11;10;0;206;1.03;1.4;25.0;63;435;25;162;63.2;408.3;0.0;0;-27;380;49;394.0;49;14;0;1.149;1.077;-0.072;289;309;28;30;60;19794;20000;12
07/04/25;12;8;0;214;1.07;1.53;27.0;68;506;28;190;70.8;479.0;1.0;3;-27;434;54;444.0;50;10;-4;1.169;1.097;-0.072;297;313;28;30;60;19786;20000;12
08/04/25;13;14;0;228;1.14;1.68;29.0;73;584;30;220;75.9;554.9;1.0;3;-29;492;56;497.0;53;5;-3;1.186;1.114;-0.072;305;319;28;30;60;19772;20000;12
09/04/25;14;2;0;230;1.15;1.79;31.0;78;668;32;252;80.9;635.8;1.0;3;-32;553;61;561.0;64;8;3;1.208;1.147;-0.061;313;328;28;30;60;19770;20000;12
10/04/25;15;5;0;235;1.175;1.92;33.0;84;752;34;286;86.0;721.8;1.0;2;-30;618;65;626.0;65;8;0;1.219;1.156;-0.063;320;338;26;28;55;19765;20000;12
11/04/25;16;9;0;244;1.22;2.06;36.0;90;841;36;322;91.1;812.9;0.0;1;-28;685;68;685.0;59;0;-9;1.229;1.156;-0.073;327;344;26;28;55;19756;20000;12
12/04/25;17;8;0;252;1.26;2.18;38.0;96;936;38;360;96.2;909.2;0.0;0;-27;756;71;754.0;69;-2;-2;1.239;1.173;-0.066;334;353;26;28;55;19748;20000;12
13/04/25;18;10;0;262;1.31;2.31;40.0;102;1036;40;400;101.3;1010.5;0.0;-1;-25;830;74;826.0;72;-4;-2;1.249;1.193;-0.056;343;363;26;28;55;19738;20000;12
14/04/25;19;6;0;268;1.34;2.44;42.0;106;1142;42;442;106.4;1116.9;0.0;0;-25;908;77;899.0;73;-9;-4;1.259;1.205;-0.054;378;371;26;28;55;19732;20000;12
15/04/25;20;10;0;278;1.39;2.57;45.0;114;1256;45;487;114.1;1231.0;0.0;0;-25;967;80;972.0;73;5;-7;1.272;1.219;-0.053;383;377;26;28;55;19722;20000;12
16/04/25;21;3;0;281;1.405;2.7;47.0;120;1382;47;534;119.2;1350.2;0.0;-1;-32;1069;82;1049.0;77;-20;-5;1.294;1.249;-0.045;387;381;26;28;55;19719;20000;12
17/04/25;22;7;0;288;1.44;2.83;50.0;126;1517;51;585;129.4;1479.5;1.0;3;-37;1153;84;1131.0;82;-22;-2;1.137;1.277;0.14;391;446;24;26;50;19712;20000;12
18/04/25;23;10;0;298;1.49;2.96;52.0;132;1656;54;639;137.0;1616.6;2.0;5;-39;1239;86;1213.0;82;-26;-4;1.337;1.284;-0.053;394;389;24;26;50;19702;20000;12
19/04/25;24;9;0;307;1.535;3.09;54.0;138;1803;57;696;144.7;1761.3;3.0;7;-42;1327;88;1299.0;86;-28;-2;1.36;1.303;-0.057;397;392;24;26;50;19693;20000;12
20/04/25;25;11;0;318;1.59;3.22;57.0;144;1958;58;754;147.3;1908.6;1.0;3;-49;1418;90;1389.0;90;-29;0;1.382;1.326;-0.056;400;396;24;26;50;19682;20000;12
21/04/25;26;14;0;332;1.66;3.35;59.0;150;2120;59;813;150.0;2058.6;0.0;0;-61;1510;92;1480.0;91;-30;-1;1.405;1.353;-0.052;402;398;24;26;50;19668;20000;12
22/04/25;27;7;0;339;1.695;3.4;61.0;156;2285;58;871;147.5;2206.1;-3.0;-8;-79;1604;94;1574.0;94;-30;0;1.426;1.37;-0.056;404;402;24;26;50;19661;20000;12
23/04/25;28;7;0;346;1.73;3.61;64.0;162;2455;58;929;147.6;2353.7;-6.0;-14;-101;1698;95;1672.0;98;-26;3;1.446;1.377;-0.069;405;406;24;26;50;19654;20000;12
24/04/25;29;0;0;346;1.73;3.74;66.0;168;2635;60;989;152.6;2506.3;-6.0;-15;-129;1794;96;1795.0;100;1;4;1.47;1.387;-0.083;406;414;24;26;50;19654;20000;12
25/04/25;30;0;0;346;1.73;3.87;68.0;173;2818;61;1050;155.2;2661.5;-7.0;-18;-156;1891;97;1895.0;100;4;3;1.491;1.402;-0.089;407;416;24;26;50;19654;20000;12
26/04/25;31;0;0;346;1.73;4.0;70.0;178;3004;63;1113;160.3;2821.8;-7.0;-18;-182;1989;98;1997.0;102;8;4;1.511;1.403;-0.108;408;419;24;26;50;19654;20000;12
27/04/25;32;0;0;346;1.73;4.13;72.0;183;3201;65;1178;165.4;2987.1;-7.0;-18;-214;2087;99;2090.0;93;3;-6;1.534;1.34;-0.194;408;418;24;26;50;19654;20000;12
28/04/25;33;0;0;346;1.73;4.26;74.0;188;3403;66;1244;167.9;3155.1;-8.0;-20;-248;2187;100;2195.0;105;8;5;1.556;1.353;-0.203;408;420;24;26;50;19654;20000;12
29/04/25;34;0;0;346;1.73;4.39;75.0;192;3504;67;1311;170.4;3325.5;-8.0;-22;-178;2289;101;2287.0;92;-2;-9;1.578;1.454;-0.124;407;419;24;26;50;19654;20000;12
30/04/25;35;0;0;346;1.73;4.52;78.0;199;3601;70;1381;178.1;3503.6;-8.0;-21;-97;2390;101;2407.0;120;17;19;1.6;1.456;-0.144;407;422;24;26;50;19654;20000;12
27/05/25;1;52;0;52;0.25;0.1;8.0;18;18;8;8;19.0;19.0;0.0;1;1;56;14;62.0;21;6;7;0.321;0.307;-0.014;0;0;30;32;65;20948;21000;13
28/05/25;2;10;0;62;0.3;0.23;9.0;22;40;10;18;23.9;42.9;1.0;2;3;73;17;82.0;20;9;3;0.549;0.524;-0.025;0;0;30;32;65;20938;21000;13
29/05/25;3;16;0;78;0.37;0.36;11.0;26;66;10;28;23.9;66.8;-1.0;-2;1;94;20;103.0;21;9;1;0.711;0.649;-0.062;0;0;30;32;65;20922;21000;13
30/05/25;4;11;0;89;0.42;0.49;13.0;30;96;11;39;26.3;93.1;-2.0;-4;-3;117;24;126.0;23;9;-1;0.826;0.739;-0.087;0;0;30;32;65;20911;21000;13
31/05/25;5;10;0;99;0.47;0.62;14.0;34;131;11;50;26.3;119.4;-3.0;-8;-12;144;27;154.0;28;10;1;0.914;0.776;-0.138;0;0;30;32;65;20901;21000;13
01/06/25;6;12;0;111;0.53;0.75;16.0;38;170;12;62;28.7;148.2;-4.0;-9;-22;174;30;182.0;28;8;-2;0.979;0.814;-0.165;0;0;30;32;65;20889;21000;13
02/06/25;7;7;0;118;0.56;0.68;18.0;43;210;14;76;33.5;181.7;-4.0;-9;-28;205;33;215.0;33;10;0;1.029;0.845;-0.184;270;297;30;32;65;20882;21000;13
03/06/25;8;3;0;121;0.58;1.01;19.0;45;260;18;94;43.1;224.8;-1.0;-2;-35;244;37;254.0;39;10;2;1.068;0.885;-0.183;268;295;28;30;60;20879;21000;13
04/06/25;9;6;0;127;0.6;1.14;22.0;53;312;23;117;55.1;279.9;1.0;2;-32;285;41;296.0;42;11;1;1.099;0.946;-0.153;274;297;28;30;60;20873;21000;13
05/06/25;10;6;0;133;0.63;1.27;23.0;56;372;25;142;59.9;339.8;2.0;4;-32;330;45;343.0;47;13;2;1.129;0.991;-0.138;281;302;28;30;60;20867;21000;13
06/06/25;11;5;0;138;0.66;1.4;26.0;63;435;26;168;62.3;402.1;0.0;-1;-33;380;49;390.0;47;10;-2;1.149;1.031;-0.118;289;306;28;30;60;20862;21000;13
07/06/25;12;16;0;154;0.73;1.53;28.0;68;506;26;194;62.4;464.5;-2.0;-6;-41;434;54;438.0;48;4;-6;1.169;1.06;-0.109;297;310;28;30;60;20846;21000;13
08/06/25;13;6;0;160;0.76;1.68;30.0;73;584;30;224;72.0;536.4;0.0;-1;-48;492;56;494.0;56;2;0;1.186;1.086;-0.1;305;318;28;30;60;20840;21000;13
09/06/25;14;4;0;164;0.78;1.79;33.0;78;668;32;256;76.8;613.2;-1.0;-1;-55;553;61;555.0;61;2;0;1.208;1.105;-0.103;313;325;28;30;60;20836;21000;13
10/06/25;15;5;0;169;0.8;1.92;35.0;84;752;36;292;86.4;699.6;1.0;2;-52;618;65;621.0;66;3;1;1.219;1.127;-0.092;320;337;26;28;55;20831;21000;13
11/06/25;16;9;0;178;0.85;2.06;37.0;90;841;38;330;91.2;790.9;1.0;1;-50;685;68;691.0;70;6;2;1.229;1.145;-0.084;327;348;26;28;55;20822;21000;13
12/06/25;17;12;0;190;0.9;2.18;40.0;96;936;40;370;96.1;887.0;0.0;0;-49;756;71;761.0;70;5;-1;1.239;1.166;-0.073;334;358;26;28;55;20810;21000;13
13/06/25;18;8;0;198;0.94;2.31;42.0;102;1036;42;412;101.0;988.0;0.0;-1;-48;830;74;835.0;74;5;0;1.249;1.183;-0.066;343;368;26;28;55;20802;21000;13
14/06/25;19;4;0;202;0.96;2.44;44.0;106;1142;45;457;108.2;1096.1;1.0;2;-46;908;77;910.0;75;2;-2;1.259;1.205;-0.054;378;377;26;28;55;20798;21000;13
15/06/25;20;11;0;213;1.01;2.57;47.0;114;1256;48;505;115.5;1211.6;1.0;1;-44;967;80;989.0;79;22;-1;1.272;1.225;-0.047;383;385;26;28;55;20787;21000;13
16/06/25;21;6;0;219;1.04;2.7;50.0;120;1382;51;556;122.7;1334.3;1.0;3;-48;1069;82;1075.0;86;6;4;1.294;1.241;-0.053;387;391;26;28;55;20781;21000;13
17/06/25;22;10;0;229;1.09;2.83;52.0;126;1517;53;609;127.6;1461.9;1.0;2;-55;1153;84;1156.0;81;3;-3;1.137;1.265;0.128;391;457;24;26;50;20771;21000;13
18/06/25;23;4;0;233;1.11;2.96;55.0;132;1656;57;666;137.2;1599.1;2.0;5;-57;1239;86;1249.0;93;10;7;1.337;1.28;-0.057;394;401;24;26;50;20767;21000;13
19/06/25;24;7;0;240;1.14;3.09;57.0;138;1803;59;725;142.1;1741.2;2.0;4;-62;1327;88;1337.0;88;10;0;1.36;1.302;-0.058;397;405;24;26;50;20760;21000;13
20/06/25;25;13;0;253;1.2;3.22;60.0;144;1958;62;787;149.4;1890.6;2.0;5;-67;1418;90;1424.0;87;6;-3;1.382;1.328;-0.054;400;407;24;26;50;20747;21000;13
21/06/25;26;5;0;258;1.23;3.35;62.0;150;2120;61;848;147.0;2037.7;-1.0;-3;-82;1510;92;1520.0;96;10;4;1.405;1.341;-0.064;402;411;24;26;50;20742;21000;13
22/06/25;27;13;0;271;1.29;3.4;65.0;156;2285;58;906;139.9;2177.6;-7.0;-16;-107;1604;94;1615.0;95;11;1;1.426;1.348;-0.078;404;414;24;26;50;20729;21000;13
23/06/25;28;11;0;282;1.34;3.61;67.0;162;2455;63;969;152.0;2329.6;-4.0;-10;-125;1698;95;1705.0;90;7;-5;1.446;1.366;-0.08;405;415;24;26;50;20718;21000;13
24/06/25;29;13;0;295;1.4;3.74;70.0;168;2635;65;1034;157.0;2486.6;-5.0;-11;-148;1794;96;1808.0;103;14;7;1.47;1.375;-0.095;406;418;24;26;50;20705;21000;13
25/06/25;30;13;0;308;1.47;3.87;72.0;173;2818;67;1101;161.9;2648.5;-5.0;-11;-169;1891;97;1904.0;96;13;-1;1.491;1.391;-0.1;407;419;24;26;50;20692;21000;13
26/06/25;31;0;0;308;1.47;4.0;74.0;178;3004;69;1170;166.7;2815.2;-5.0;-11;-189;1989;98;2010.0;106;21;8;1.511;1.401;-0.11;408;423;24;26;50;20692;21000;13
27/06/25;32;0;0;308;1.47;4.13;76.0;183;3201;71;1241;171.6;2986.8;-5.0;-11;-214;2087;99;2088.0;78;1;-21;1.534;1.43;-0.104;408;419;24;26;50;20692;21000;13
28/06/25;33;0;0;308;1.47;4.26;78.0;188;3403;72;1313;174.0;3160.8;-6.0;-14;-242;2187;100;2193.0;105;6;5;1.556;1.441;-0.115;408;421;24;26;50;20692;21000;13
29/06/25;34;0;0;308;1.47;4.39;79.0;192;3504;74;1387;178.8;3339.6;-5.0;-13;-164;2289;101;2294.0;101;5;0;1.578;1.456;-0.122;407;421;24;26;50;20692;21000;13
30/06/25;35;0;0;308;1.47;4.52;82.0;199;3601;76;1463;183.6;3523.2;-6.0;-15;-78;2390;101;2401.0;107;11;6;1.6;1.467;-0.133;407;422;24;26;50;20692;21000;13
