TANGGAL;AGE;MATI;AFKIR;JML_DEPLESI;CUM_DEPLESI_%;STD_CUM_DEPLESI_%;PAKAN_STD_ZAK;PAKAN_STD_GR/EK;PAKAN_STD_CUM_GR/EK;PAKAN_ACT_ZAK;PAKAN_ACT_CUM_ZAK;PAKAN_ACT_GR/EK;PAKAN_CUM_GR/EK;DELTA_PAKAN_ZAK;DELTA_PAKAN_GR/EKOR;DELTA_PAKAN_CUM_GR/EKOR;ABW_STD;DG_STD;ABW_ACT;DG_ACT;DELTA_ABW;DELTA_DG;FCR_STD;FCR_ACT;DELTA_FCR;IP_STD;IP_ACT;JUMLAH_AYAM_AKHIR;JUMLAH_AYAM_AWAL;PERIODE
10/05/24;1;8;0;8;0.04;0.1;8;18;18;8;8;19;19;0;1;1;56;14;60;22;4;8;0.321;0.317;-0.004;0;0;20992;21000;8
11/05/24;2;2;0;10;0.05;0.23;9;22;40;10;18;23.8;42.8;1;2;3;73;17;78;18;5;1;0.549;0.549;0;0;0;20990;21000;8
12/05/24;3;11;0;21;0.1;0.36;11;26;66;11;29;26.2;69;0;0;3;94;20;97;19;3;-1;0.711;0.712;0.001;0;0;20979;21000;8
13/05/24;4;4;0;25;0.12;0.49;13;30;96;13;42;31;100;0;1;4;117;24;121;24;4;0;0.826;0.827;0.001;0;0;20975;21000;8
14/05/24;5;7;0;32;0.15;0.62;14;34;131;14;56;33.4;133.4;0;-1;2;144;27;148;27;4;0;0.914;0.901;-0.013;0;0;20968;21000;8
15/05/24;6;10;0;42;0.2;0.75;16;38;170;16;72;38.2;171.6;0;0;2;174;30;178;30;4;0;0.979;0.964;-0.015;0;0;20958;21000;8
16/05/24;7;3;0;45;0.21;0.68;18;43;210;18;90;42.9;214.5;0;0;5;205;33;212;34;7;1;1.029;1.012;-0.017;270;299;20955;21000;8
17/05/24;8;4;0;49;0.23;1.01;19;45;260;20;110;47.7;262.3;1;3;2;244;37;250;38;6;1;1.068;1.049;-0.019;268;297;20951;21000;8
18/05/24;9;4;0;53;0.25;1.14;22;53;312;22;132;52.5;314.8;0;0;3;285;41;293;43;8;2;1.099;1.074;-0.025;274;302;20947;21000;8
19/05/24;10;4;0;57;0.27;1.27;23;56;372;24;156;57.3;372.1;1;1;0;330;45;335;42;5;-3;1.129;1.111;-0.018;281;301;20943;21000;8
20/05/24;11;1;0;58;0.28;1.4;26;63;435;26;182;62.1;434.2;0;-1;-1;380;49;384;49;4;0;1.149;1.131;-0.018;289;308;20942;21000;8
21/05/24;12;7;0;65;0.31;1.53;28;68;506;28;210;66.9;501;0;-1;-5;434;54;424;40;-10;-14;1.169;1.182;0.013;297;298;20935;21000;8
22/05/24;13;3;0;68;0.32;1.68;31;73;584;30;240;71.7;572.7;-1;-1;-11;492;56;482;58;-10;2;1.186;1.188;0.002;305;311;20932;21000;8
23/05/24;14;8;0;76;0.36;1.79;33;78;668;32;272;76.5;649.2;-1;-2;-19;553;61;552;70;-1;9;1.208;1.176;-0.032;313;334;20924;21000;8
24/05/24;15;4;0;80;0.38;1.92;35;84;752;34;306;81.3;730.4;-1;-3;-22;618;65;622;70;4;5;1.219;1.174;-0.045;320;352;20920;21000;8
25/05/24;16;6;0;86;0.41;2.06;38;90;841;36;342;86.1;816.5;-2;-4;-24;685;68;695;73;10;5;1.229;1.175;-0.054;327;368;20914;21000;8
26/05/24;17;5;0;91;0.43;2.18;40;96;936;40;382;95.7;912.1;0;0;-24;756;71;764;69;8;-2;1.239;1.194;-0.045;334;375;20909;21000;8
27/05/24;18;8;0;99;0.47;2.31;43;102;1036;42;424;100.5;1012.6;-1;-2;-23;830;74;836;72;6;-2;1.249;1.211;-0.038;343;382;20901;21000;8
28/05/24;19;4;0;103;0.49;2.44;44;106;1142;44;468;105.3;1117.9;0;-1;-24;908;77;913;77;5;0;1.259;1.224;-0.035;378;391;20897;21000;8
29/05/24;20;7;0;110;0.52;2.57;48;114;1256;46;514;110.1;1228;-2;-4;-28;967;80;992;79;25;-1;1.272;1.238;-0.034;383;399;20890;21000;8
30/05/24;21;4;0;114;0.54;2.7;50;120;1382;50;564;119.7;1347.7;0;0;-34;1069;82;1064;72;-5;-10;1.294;1.267;-0.027;387;398;20886;21000;8
31/05/24;22;6;0;120;0.57;2.83;53;126;1517;52;616;124.5;1472.2;-1;-1;-45;1153;84;1142;78;-11;-6;1.137;1.289;0.152;391;400;20880;21000;8
01/06/24;23;7;0;127;0.6;2.96;55;132;1656;54;670;129.4;1601.6;-1;-3;-54;1239;86;1245;103;6;17;1.337;1.286;-0.051;394;418;20873;21000;8
02/06/24;24;10;0;137;0.65;3.09;58;138;1803;57;727;136.6;1738.2;-1;-1;-65;1327;88;1338;93;11;5;1.36;1.299;-0.061;397;426;20863;21000;8
03/06/24;25;7;0;144;0.69;3.22;60;144;1958;60;787;143.8;1882;0;0;-76;1418;90;1431;93;13;3;1.382;1.315;-0.067;400;432;20856;21000;8
04/06/24;26;6;0;150;0.71;3.35;63;150;2120;62;849;148.7;2030.7;-1;-1;-89;1510;92;1511;80;1;-12;1.405;1.344;-0.061;402;429;20850;21000;8
05/06/24;27;6;0;156;0.74;3.4;65;156;2285;64;913;153.5;2184.2;-1;-2;-101;1604;94;1613;102;9;8;1.426;1.354;-0.072;404;438;20844;21000;8
06/06/24;28;9;0;165;0.79;3.61;68;162;2455;67;980;160.8;2345;-1;-1;-110;1698;95;1711;98;13;3;1.446;1.371;-0.075;405;442;20835;21000;8
07/06/24;29;9;0;174;0.83;3.74;70;168;2635;70;1050;168.1;2513.1;0;0;-122;1794;96;1799;88;5;-8;1.47;1.397;-0.073;406;440;20826;21000;8
08/06/24;30;7;0;181;0.86;3.87;72;173;2818;72;1122;172.9;2686;0;0;-132;1891;97;1890;91;-1;-6;1.491;1.421;-0.07;407;439;20819;21000;8
09/06/24;31;9;0;190;0.9;4;74;178;3004;74;1196;177.8;2863.8;0;0;-140;1989;98;1996;106;7;8;1.511;1.435;-0.076;408;445;20810;21000;8
10/06/24;32;9;0;199;0.95;4.13;76;183;3201;73;1269;175.5;3039.2;-3;-8;-162;2087;99;2105;109;18;10;1.534;1.444;-0.09;408;451;20801;21000;8
11/06/24;33;11;0;210;1;4.26;78;188;3403;74;1343;178;3217.2;-4;-10;-186;2187;100;2202;97;15;-3;1.556;1.461;-0.095;408;452;20790;21000;8